{
    "anvil": "anvil",
    "bamboo": "bamboo",
    "beacon": "beacon",
    "bed": "bed",
    "bell": "bell",
    "brewing_stand": "brewing_stand",
    "bubble_column": "bubble_column",
    "acacia_button": "button",
    "birch_button": "button",
    "crimson_button": "button",
    "dark_oak_button": "button",
    "jungle_button": "button",
    "polished_blackstone_button": "button",
    "spruce_button": "button",
    "stone_button": "button",
    "warped_button": "button",
    "wooden_button": "button",
    "cactus": "cactus",
    "cake": "cake",
    "cauldron": "cauldron",
    "lava_cauldron": "cauldron",
    "chest": "chest",
    "ender_chest": "chest",
    "trapped_chest": "chest",
    "chorus_flower": "chorus_flower",
    "chorus_plant": "chorus_plant",
    "cocoa": "cocoa",
    "chain_command_block": "command_block",
    "command_block": "command_block",
    "repeating_command_block": "command_block",
    "powered_comparator": "comparator",
    "unpowered_comparator": "unpowered_comparator",
    "conduit": "conduit",
    "coral_fan": "coral_fan",
	"dead_brain_coral":"cross_texture",
	"brain_coral":"cross_texture",
	"brain_coral_fan":"cross_texture",
	"dead_bubble_coral":"cross_texture",
	"bubble_coral":"cross_texture",
	"bubble_coral_fan":"cross_texture",
	"dead_fire_coral":"cross_texture",
	"fire_coral":"cross_texture",
	"dead_horn_coral":"cross_texture",
	"horn_coral":"cross_texture",
	"dead_tube_coral":"cross_texture",
	"tube_coral":"cross_texture",
    "coral_fan_dead": "coral_fan",
    "coral_fan_hang": "coral_fan",
    "coral_fan_hang2": "coral_fan",
    "coral_fan_hang3": "coral_fan",
    "bamboo_sapling": "cross_texture",
    "brown_mushroom": "cross_texture",
    "coral": "cross_texture",
    "crimson_fungus": "cross_texture",
    "crimson_roots": "cross_texture",
    "deadbush": "cross_texture",
    "nether_sprouts": "cross_texture",
    "red_flower": "cross_texture",
    "red_mushroom": "cross_texture",
    "reeds": "cross_texture",
    "sapling": "cross_texture",
    "acacia_sapling": "cross_texture",
    "birch_sapling": "cross_texture",
    "dark_oak_sapling": "cross_texture",
    "jungle_sapling": "cross_texture",
    "oak_sapling": "cross_texture",
    "spruce_sapling": "cross_texture",
    "sweet_berry_bush": "cross_texture",
    "twisting_vines": "cross_texture",
    "warped_fungus": "cross_texture",
    "warped_roots": "cross_texture",
    "web": "cross_texture",
    "yellow_flower": "cross_texture",
    "poppy": "cross_texture",
    "azure_bluet": "cross_texture",
    "blue_orchid": "cross_texture",
    "weeping_vines": "cross_texture",
    "tallgrass": "cross_texture",
    "allow": "cube",
    "ancient_debris": "cube",
    "barrel": "barrel",
    "barrier": "ignore",
    "basalt": "cube",
    "bedrock": "cube",
    "bee_nest": "hive",
    "beehive": "hive",
    "blackstone": "cube",
    "blue_ice": "cube",
    "bookshelf": "cube",
    "border_block": "cube",
    "brick_block": "cube",
    "brown_mushroom_block": "cube",
    "cartography_table": "cube",
    "chemical_heat": "cube",
    "chemistry_table": "cube",
    "chiseled_nether_bricks": "cube",
    "chiseled_polished_blackstone": "cube",
    "clay": "cube",
    "coal_block": "cube",
    "coal_ore": "cube",
    "cobblestone": "cube",
    "concrete": "cube",
    "black_concrete": "cube",
    "red_concrete": "cube",
    "green_concrete": "cube",
    "brown_concrete": "cube",
    "blue_concrete": "cube",
    "purple_concrete": "cube",
    "cyan_concrete": "cube",
    "light_gray_concrete": "cube",
    "gray_concrete": "cube",
    "pink_concrete": "cube",
    "lime_concrete": "cube",
    "yellow_concrete": "cube",
    "light_blue_concrete": "cube",
    "magenta_concrete": "cube",
    "orange_concrete": "cube",
    "white_concrete": "cube",
    "concrete_powder": "cube",
    "black_concrete_powder": "cube",
    "red_concrete_powder": "cube",
    "green_concrete_powder": "cube",
    "brown_concrete_powder": "cube",
    "blue_concrete_powder": "cube",
    "purple_concrete_powder": "cube",
    "cyan_concrete_powder": "cube",
    "light_gray_concrete_powder": "cube",
    "gray_concrete_powder": "cube",
    "pink_concrete_powder": "cube",
    "lime_concrete_powder": "cube",
    "yellow_concrete_powder": "cube",
    "light_blue_concrete_powder": "cube",
    "magenta_concrete_powder": "cube",
    "orange_concrete_powder": "cube",
    "white_concrete_powder": "cube",
    "coral_block": "cube",
    "cracked_nether_bricks": "cube",
    "cracked_polished_blackstone_bricks": "cube",
    "crafting_table": "cube",
    "crimson_nylium": "cube",
    "crimson_planks": "cube",
    "crying_obsidian": "cube",
    "deny": "cube",
    "diamond_block": "cube",
    "diamond_ore": "cube",
    "dirt": "cube",
    "dried_kelp_block": "cube",
    "element_0": "cube",
    "element_1": "cube",
    "element_10": "cube",
    "element_100": "cube",
    "element_101": "cube",
    "element_102": "cube",
    "element_103": "cube",
    "element_104": "cube",
    "element_105": "cube",
    "element_106": "cube",
    "element_107": "cube",
    "element_108": "cube",
    "element_109": "cube",
    "element_11": "cube",
    "element_110": "cube",
    "element_111": "cube",
    "element_112": "cube",
    "element_113": "cube",
    "element_114": "cube",
    "element_115": "cube",
    "element_116": "cube",
    "element_117": "cube",
    "element_118": "cube",
    "element_12": "cube",
    "element_13": "cube",
    "element_14": "cube",
    "element_15": "cube",
    "element_16": "cube",
    "element_17": "cube",
    "element_18": "cube",
    "element_19": "cube",
    "element_2": "cube",
    "element_20": "cube",
    "element_21": "cube",
    "element_22": "cube",
    "element_23": "cube",
    "element_24": "cube",
    "element_25": "cube",
    "element_26": "cube",
    "element_27": "cube",
    "element_28": "cube",
    "element_29": "cube",
    "element_3": "cube",
    "element_30": "cube",
    "element_31": "cube",
    "element_32": "cube",
    "element_33": "cube",
    "element_34": "cube",
    "element_35": "cube",
    "element_36": "cube",
    "element_37": "cube",
    "element_38": "cube",
    "element_39": "cube",
    "element_4": "cube",
    "element_40": "cube",
    "element_41": "cube",
    "element_42": "cube",
    "element_43": "cube",
    "element_44": "cube",
    "element_45": "cube",
    "element_46": "cube",
    "element_47": "cube",
    "element_48": "cube",
    "element_49": "cube",
    "element_5": "cube",
    "element_50": "cube",
    "element_51": "cube",
    "element_52": "cube",
    "element_53": "cube",
    "element_54": "cube",
    "element_55": "cube",
    "element_56": "cube",
    "element_57": "cube",
    "element_58": "cube",
    "element_59": "cube",
    "element_6": "cube",
    "element_60": "cube",
    "element_61": "cube",
    "element_62": "cube",
    "element_63": "cube",
    "element_64": "cube",
    "element_65": "cube",
    "element_66": "cube",
    "element_67": "cube",
    "element_68": "cube",
    "element_69": "cube",
    "element_7": "cube",
    "element_70": "cube",
    "element_71": "cube",
    "element_72": "cube",
    "element_73": "cube",
    "element_74": "cube",
    "element_75": "cube",
    "element_76": "cube",
    "element_77": "cube",
    "element_78": "cube",
    "element_79": "cube",
    "element_8": "cube",
    "element_80": "cube",
    "element_81": "cube",
    "element_82": "cube",
    "element_83": "cube",
    "element_84": "cube",
    "element_85": "cube",
    "element_86": "cube",
    "element_87": "cube",
    "element_88": "cube",
    "element_89": "cube",
    "element_9": "cube",
    "element_90": "cube",
    "element_91": "cube",
    "element_92": "cube",
    "element_93": "cube",
    "element_94": "cube",
    "element_95": "cube",
    "element_96": "cube",
    "element_97": "cube",
    "element_98": "cube",
    "element_99": "cube",
    "emerald_block": "cube",
    "emerald_ore": "cube",
    "end_bricks": "cube",
    "end_stone": "cube",
    "fletching_table": "cube",
    "frosted_ice": "cube",
    "gilded_blackstone": "cube",
    "glass": "cube",
    "stained_glass": "cube",
    "white_stained_glass": "cube",
    "light_gray_stained_glass": "cube",
    "gray_stained_glass": "cube",
    "black_stained_glass": "cube",
    "brown_stained_glass": "cube",
    "red_stained_glass": "cube",
    "orange_stained_glass": "cube",
    "yellow_stained_glass": "cube",
    "lime_stained_glass": "cube",
    "green_stained_glass": "cube",
    "cyan_stained_glass": "cube",
    "light_blue_stained_glass": "cube",
    "blue_stained_glass": "cube",
    "purple_stained_glass": "cube",
    "magenta_stained_glass": "cube",
    "pink_stained_glass": "cube",
    "glowingobsidian": "cube",
    "glowstone": "cube",
    "gold_block": "cube",
    "gold_ore": "cube",
    "gravel": "cube",
    "hard_glass": "cube",
    "hard_stained_glass": "cube",
    "hardened_clay": "cube",   
    "honey_block": "cube",
    "honeycomb_block": "cube",
    "ice": "cube",
    "info_update": "cube",
    "info_update2": "cube",
    "iron_block": "cube",
    "iron_ore": "cube",
    "jukebox": "cube",
    "lapis_block": "cube",
    "lapis_ore": "cube",
    "light_block": "cube",
    "lit_redstone_lamp": "cube",
    "lit_redstone_ore": "cube",
    "lodestone": "cube",
    "loom": "loom",
    "magma": "cube",
    "melon_block": "cube",
    "mob_spawner": "cube",
    "monster_egg": "cube",
    "mossy_cobblestone": "cube",
    "movingBlock": "cube",
    "mycelium": "cube",
    "nether_brick": "cube",
    "nether_gold_ore": "cube",
    "nether_wart_block": "cube",
    "netherite_block": "cube",
    "netherrack": "cube",
    "netherreactor": "cube",
    "noteblock": "cube",
    "obsidian": "cube",
    "packed_ice": "cube",
    "planks": "cube",
    "spruce_leaves": "cube",
    "spruce_wood": "cube",
    "spruce_planks": "cube",
    "spruce_double_slab": "cube",
    "birch_planks": "cube",
    "jungle_planks": "cube",
    "acacia_planks": "cube",
    "dark_oak_planks": "cube",
    "oak_planks": "cube",
    "podzol": "cube",
    "polished_basalt": "cube",
    "polished_blackstone": "cube",
    "polished_blackstone_bricks": "cube",
    "prismarine": "cube",
    "quartz_bricks": "cube",
    "quartz_ore": "cube",
    "red_mushroom_block": "cube",
    "red_nether_brick": "cube",
    "red_sandstone": "cube",
    "redstone_block": "cube",
    "redstone_lamp": "cube",
    "redstone_ore": "cube",
    "reserved6": "cube",
    "respawn_anchor": "cube",
    "sand": "cube",
    "sandstone": "cube",
    "sea_lantern": "cube",
    "shroomlight": "cube",
    "smithing_table": "cube",
    "smooth_stone": "cube",
    "snow": "cube",
    "soul_campfire": "cube",
    "soul_sand": "cube",
    "soul_soil": "cube",
    "sponge": "cube",
    "stained_hardened_clay": "cube",
    "black_terracotta": "cube",
    "gray_terracotta": "cube",
    "light_gray_terracotta": "cube",
    "white_terracotta": "cube",
    "blue_terracotta": "cube",
    "light_blue_terracotta": "cube",
    "lime_terracotta": "cube",
    "green_terracotta": "cube",
    "cyan_terracotta": "cube",
    "yellow_terracotta": "cube",
    "orange_terracotta": "cube",
    "red_terracotta": "cube",
    "pink_terracotta": "cube",
    "magenta_terracotta": "cube",
    "purple_terracotta": "cube",
    "brown_terracotta": "cube",
    "stone": "cube",
	"polished_granite":"cube",
	"polished_diorite":"cube",
	"polished_andesite":"cube",
	"granite":"cube",
	"diorite":"cube",
	"andesite":"cube",
    "stonebrick": "cube",
    "stonecutter": "cube",
    "stonecutter_block": "stonecutter_block",
    "target": "cube",
    "tnt": "cube",
    "warped_nylium": "cube",
    "warped_planks": "cube",
    "warped_wart_block": "cube",
    "wither_rose": "cross_texture",
    "wood": "cube",
    "black_wool": "cube",
    "red_wool": "cube",
    "green_wool": "cube",
    "brown_wool": "cube",
    "blue_wool": "cube",
    "purple_wool": "cube",
    "cyan_wool": "cube",
    "light_gray_wool": "cube",
    "gray_wool": "cube",
    "pink_wool": "cube",
    "lime_wool": "cube",
    "yellow_wool": "cube",
    "light_blue_wool": "cube",
    "magenta_wool": "cube",
    "orange_wool": "cube",
    "white_wool": "cube",
    "wool": "cube",
    "crimson_door": "door",
    "warped_door": "door",
    "wooden_door": "door",
    "spruce_door": "door",
    "birch_door": "door",
    "jungle_door": "door",
    "acacia_door": "door",
    "dark_oak_door": "door",
    "iron_door": "door",
	"chiseled_bookshelf":"chiseled_bookshelf",
    "double_plant": "double_plant",
    "dragon_egg": "dragon_egg",
    "enchanting_table": "enchanting_table",
    "end_rod": "end_rod",
    "observer": "observer",
    "farmland": "farmland",
    "grass_path": "farmland",
    "crimson_fence": "fence",
    "fence": "fence",
	"spruce_fence":"fence",
    "nether_brick_fence": "fence",
    "warped_fence": "fence",
    "acacia_fence_gate": "fence_gate",
    "birch_fence_gate": "fence_gate",
    "crimson_fence_gate": "fence_gate",
    "dark_oak_fence_gate": "fence_gate",
    "fence_gate": "fence_gate",
    "jungle_fence_gate": "fence_gate",
    "spruce_fence_gate": "fence_gate",
    "warped_fence_gate": "fence_gate",
    "fire": "fire",
    "soul_fire": "fire",
    "flower_pot": "flower_pot",
    "frame": "frame",
    "blast_furnace": "furnace",
    "furnace": "furnace",
    "smoker": "furnace",
	"moving_block":"ignore",
	"invisible_bedrock":"ignore",
    "lit_blast_furnace": "furnace",
    "lit_furnace": "furnace",
    "lit_smoker": "furnace",
    "grass": "cube",
    "grass_block": "cube",
    "leaves": "cube",
    "leaves2": "cube",
    "grindstone": "grindstone",
    "hopper": "hopper",
    "kelp": "cross_texture",
    "ladder": "ladder",
    "lantern": "lantern",
    "soul_lantern": "lantern",
    "lectern": "lectern",
    "lever": "lever",
    "waterlily": "lilypad",
    "warped_stem": "cube",
    "campfire": "campfire",
    "gray_carpet": "carpet",
    "black_carpet": "carpet",
    "red_carpet": "carpet",
    "green_carpet": "carpet",
    "brown_carpet": "carpet",
    "blue_carpet": "carpet",
    "purple_carpet": "carpet",
    "cyan_carpet": "carpet",
    "light_gray_carpet": "carpet",
    "pink_carpet": "carpet",
    "lime_carpet": "carpet",
    "yellow_carpet": "carpet",
    "light_blue_carpet": "carpet",
    "magenta_carpet": "carpet",
    "orange_carpet": "carpet",
    "white_carpet": "carpet",
    "chain": "chain",
    "composter": "cube",
    "daylight_detector": "daylight",
    "daylight_detector_inverted": "daylight",
    "dispenser": "dispenser",
    "dropper": "dispenser",
    "end_gateway": "cube",
    "end_portal": "cube",
    "portal": "pane",
    "scaffolding": "cube",
    "glass_pane": "pane",
    "stained_glass_pane": "pane",
    "white_stained_glass_pane": "pane",
    "light_gray_stained_glass_pane": "pane",
    "gray_stained_glass_pane": "pane",
    "black_stained_glass_pane": "pane",
    "brown_stained_glass_pane": "pane",
    "red_stained_glass_pane": "pane",
    "orange_stained_glass_pane": "pane",
    "yellow_stained_glass_pane": "pane",
    "lime_stained_glass_pane": "pane",
    "green_stained_glass_pane": "pane",
    "cyan_stained_glass_pane": "pane",
    "light_blue_stained_glass_pane": "pane",
    "blue_stained_glass_pane": "pane",
    "purple_stained_glass_pane": "pane",
    "magenta_stained_glass_pane": "pane",
    "pink_stained_glass_pane": "pane",
    "hard_glass_pane": "pane",
    "hard_stained_glass_pane": "pane",
    "iron_bars": "pane",
    "piston": "piston",
    "sticky_piston": "sticky_piston",
    "pistonArmCollision": "piston_arm",
    "stickyPistonArmCollision": "piston_arm",
    "end_portal_frame": "portal_frame",
    "acacia_pressure_plate": "pressure_plate",
    "birch_pressure_plate": "pressure_plate",
    "crimson_pressure_plate": "pressure_plate",
    "dark_oak_pressure_plate": "pressure_plate",
    "heavy_weighted_pressure_plate": "pressure_plate",
    "jungle_pressure_plate": "pressure_plate",
    "light_weighted_pressure_plate": "pressure_plate",
    "polished_blackstone_pressure_plate": "pressure_plate",
    "spruce_pressure_plate": "pressure_plate",
    "stone_pressure_plate": "pressure_plate",
    "warped_pressure_plate": "pressure_plate",
    "wooden_pressure_plate": "pressure_plate",
    "pumpkin": "furnace",
    "carved_pumpkin": "carved_pumpkin",
    "lit_pumpkin": "carved_pumpkin",
    "activator_rail": "activator_rail",
    "detector_rail": "detector_rail",
    "golden_rail": "golden_rail",
    "rail": "rail",
    "redstone_wire": "red_dust",
    "powered_repeater": "repeater",
    "unpowered_repeater": "unpowered_repeater",
    "beetroot": "cross_texture",
    "carrots": "cross_texture",
    "nether_wart": "cross_texture",
    "potatoes": "cross_texture",
    "wheat": "cross_texture",
    "sea_pickle": "sea_pickle",
    "seagrass": "cross_texture",
    "shulker_box": "cube",
    "white_shulker_box": "cube",
    "gray_shulker_box": "cube",
    "light_gray_shulker_box": "cube",
    "green_shulker_box": "cube",
    "black_shulker_box": "cube",
    "cyan_shulker_box": "cube",
    "brown_shulker_box": "cube",
    "light_blue_shulker_box": "cube",
    "red_shulker_box": "cube",
    "blue_shulker_box": "cube",
    "orange_shulker_box": "cube",
    "purple_shulker_box": "cube",
    "lime_shulker_box": "cube",
    "pink_shulker_box": "cube",
    "magenta_shulker_box": "cube",
    "undyed_shulker_box": "cube",
    "blackstone_slab": "slab",
    "crimson_slab": "slab",
    "polished_blackstone_brick_slab": "slab",
    "polished_blackstone_slab": "slab",
    "stone_block_slab": "slab",
    "stone_block_slab2": "slab",
    "stone_block_slab3": "slab",
    "stone_block_slab4": "slab",
    "warped_slab": "slab",
    "wooden_slab": "slab",
    "blackstone_double_slab": "cube",
    "crimson_double_slab": "cube",
    "double_stone_block_slab": "cube",
    "double_stone_block_slab2": "cube",
    "double_wooden_slab": "cube",
    "polished_blackstone_brick_double_slab": "cube",
    "polished_blackstone_double_slab": "cube",
    "warped_double_slab": "cube",
    "slime": "cube",
    "acacia_stairs": "stairs",
    "andesite_stairs": "stairs",
    "birch_stairs": "stairs",
    "blackstone_stairs": "stairs",
    "brick_stairs": "stairs",
    "crimson_stairs": "stairs",
    "dark_oak_stairs": "stairs",
    "dark_prismarine_stairs": "stairs",
    "diorite_stairs": "stairs",
    "end_brick_stairs": "stairs",
    "granite_stairs": "stairs",
    "jungle_stairs": "stairs",
    "mossy_cobblestone_stairs": "stairs",
    "mossy_stone_brick_stairs": "stairs",
    "nether_brick_stairs": "stairs",
    "normal_stone_stairs": "stairs",
    "oak_stairs": "stairs",
    "polished_andesite_stairs": "stairs",
    "polished_blackstone_brick_stairs": "stairs",
    "polished_blackstone_stairs": "stairs",
    "polished_diorite_stairs": "stairs",
    "polished_granite_stairs": "stairs",
    "prismarine_bricks_stairs": "stairs",
    "prismarine_stairs": "stairs",
    "purpur_stairs": "stairs",
    "quartz_stairs": "stairs",
    "red_nether_brick_stairs": "stairs",
    "red_sandstone_stairs": "stairs",
    "sandstone_stairs": "stairs",
    "smooth_quartz_stairs": "stairs",
    "smooth_red_sandstone_stairs": "stairs",
    "smooth_sandstone_stairs": "stairs",
    "spruce_stairs": "stairs",
    "stone_brick_stairs": "stairs",
    "stone_stairs": "stairs",
    "warped_stairs": "stairs",
    "acacia_standing_sign": "standing_sign",
    "birch_standing_sign": "standing_sign",
    "crimson_standing_sign": "standing_sign",
    "darkoak_standing_sign": "standing_sign",
    "jungle_standing_sign": "standing_sign",
    "spruce_standing_sign": "standing_sign",
    "standing_sign": "standing_sign",
    "warped_standing_sign": "standing_sign",
    "melon_stem": "cross_texture",
    "pumpkin_stem": "cross_texture",
    "black_glazed_terracotta": "glazed_terracotta",
    "blue_glazed_terracotta": "glazed_terracotta",
    "brown_glazed_terracotta": "glazed_terracotta",
    "cyan_glazed_terracotta": "glazed_terracotta",
    "gray_glazed_terracotta": "glazed_terracotta",
    "green_glazed_terracotta": "glazed_terracotta",
    "light_blue_glazed_terracotta": "glazed_terracotta",
    "lime_glazed_terracotta": "glazed_terracotta",
    "magenta_glazed_terracotta": "glazed_terracotta",
    "orange_glazed_terracotta": "glazed_terracotta",
    "pink_glazed_terracotta": "glazed_terracotta",
    "purple_glazed_terracotta": "glazed_terracotta",
    "red_glazed_terracotta": "glazed_terracotta",
    "silver_glazed_terracotta": "glazed_terracotta",
    "white_glazed_terracotta": "glazed_terracotta",
    "yellow_glazed_terracotta": "glazed_terracotta",
    "snow_layer": "top_snow",
    "colored_torch_bp": "torch",
    "colored_torch_rg": "torch",
    "redstone_torch": "torch",
    "soul_torch": "torch",
    "torch": "torch",
    "underwater_torch": "torch",
    "unlit_redstone_torch": "torch",
    "copper_trapdoor": "trapdoor",
    "acacia_trapdoor": "trapdoor",
    "birch_trapdoor": "trapdoor",
    "crimson_trapdoor": "trapdoor",
    "dark_oak_trapdoor": "trapdoor",
    "iron_trapdoor": "trapdoor",
    "jungle_trapdoor": "trapdoor",
    "spruce_trapdoor": "trapdoor",
    "trapdoor": "trapdoor",
    "warped_trapdoor": "trapdoor",
    "bone_block": "tree",
    "crimson_hyphae": "tree",
    "crimson_stem": "tree",
    "hay_block": "tree",
    "log": "tree",
    "log2": "tree",
    "purpur_block": "tree",
    "quartz_block": "tree",
    "stripped_acacia_log": "tree",
    "stripped_birch_log": "tree",
    "stripped_crimson_hyphae": "tree",
    "stripped_crimson_stem": "tree",
    "stripped_dark_oak_wood": "tree",
    "oak_wood": "tree",
    "oak_slab": "slab",
    "oak_double_slab": "cube",
    "stripped_oak_wood": "tree",
    "oak_leaves": "cube",
    "dark_oak_wood": "tree",
    "dark_oak_leaves": "cube",
    "dark_oak_double_slab": "cube",
    "dark_oak_slab": "slab",
    "stripped_dark_oak_log": "tree",
    "stripped_jungle_log": "tree",
    "stripped_oak_log": "tree",
    "spruce_slab": "slab",
    "stripped_spruce_log": "tree",
    "stripped_spruce_wood": "tree",
    "stripped_warped_hyphae": "tree",
    "stripped_warped_stem": "tree",
    "warped_hyphae": "tree",
    "tripWire": "tripwire",
    "trip_wire": "tripwire",
    "tripwire_hook": "tripwire_hook",
    "turtle_egg": "turtle_egg",
    "vine": "vine",
    "blackstone_wall": "wall",
    "cobblestone_wall": "wall",
    "polished_blackstone_brick_wall": "wall",
    "polished_blackstone_wall": "wall",
    "acacia_wall_sign": "wall_sign",
    "birch_wall_sign": "wall_sign",
    "crimson_wall_sign": "wall_sign",
    "darkoak_wall_sign": "wall_sign",
    "jungle_wall_sign": "wall_sign",
    "spruce_wall_sign": "wall_sign",
    "wall_sign": "wall_sign",
    "warped_wall_sign": "wall_sign",
    "flowing_lava": "water",
    "flowing_water": "water",
    "lava": "water",
    "water": "water",
    "amethyst_block": "cube",
    "amethyst_cluster": "cross_texture",
    "azalea": "cube",
    "azalea_leaves": "cube",
    "azalea_leaves_flowered": "cube",
    "big_dripleaf": "cube",
    "black_candle": "candle",
    "black_candle_cake": "cube",
    "blue_candle": "candle",
    "blue_candle_cake": "cube",
    "brown_candle": "candle",
    "brown_candle_cake": "cube",
    "budding_amethyst": "cube",
    "calcite": "cube",
    "candle": "candle",
    "candle_cake": "cake",
    "cave_vines": "cross_texture",
    "cave_vines_body_with_berries": "cross_texture",
    "cave_vines_head_with_berries": "cross_texture",
    "chiseled_deepslate": "cube",
    "cobbled_deepslate": "cube",
    "cobbled_deepslate_double_slab": "cube",
    "cobbled_deepslate_slab": "slab",
    "cobbled_deepslate_stairs": "stairs",
    "cobbled_deepslate_wall": "wall",
    "copper_block": "cube",
    "copper_ore": "cube",
    "cracked_deepslate_bricks": "cube",
    "cracked_deepslate_tiles": "cube",
    "cut_copper": "cube",
    "cut_copper_slab": "slab",
    "cut_copper_stairs": "stairs",
    "cyan_candle": "candle",
    "cyan_candle_cake": "cake",
    "deepslate": "cube",
    "deepslate_brick_double_slab": "cube",
    "deepslate_brick_slab": "slab",
    "deepslate_brick_stairs": "stairs",
    "deepslate_brick_wall": "wall",
    "deepslate_bricks": "cube",
    "deepslate_coal_ore": "cube",
    "deepslate_copper_ore": "cube",
    "deepslate_diamond_ore": "cube",
    "deepslate_emerald_ore": "cube",
    "deepslate_gold_ore": "cube",
    "deepslate_iron_ore": "cube",
    "deepslate_lapis_ore": "cube",
    "deepslate_redstone_ore": "cube",
    "deepslate_tile_double_slab": "cube",
    "deepslate_tile_slab": "slab",
    "deepslate_tile_stairs": "stairs",
    "deepslate_tile_wall": "wall",
    "deepslate_tiles": "cube",
    "dirt_with_roots": "cube",
    "double_cut_copper_slab": "cube",
    "dripstone_block": "cube",
    "exposed_copper": "cube",
    "exposed_cut_copper": "cube",
    "exposed_cut_copper_slab": "slab",
    "exposed_cut_copper_stairs": "stairs",
    "exposed_double_cut_copper_slab": "cube",
    "flowering_azalea": "cube",
    "glow_frame": "frame",
    "glow_lichen": "vine-multi",
    "gray_candle": "candle",
    "gray_candle_cake": "cube",
    "green_candle": "candle",
    "green_candle_cake": "cube",
    "hanging_roots": "cross_texture",
    "infested_deepslate": "cube",
    "large_amethyst_bud": "cross_texture",
    "light_blue_candle": "candle",
    "light_blue_candle_cake": "cube",
    "light_gray_candle": "candle",
    "light_gray_candle_cake": "cube",
    "lightning_rod": "lightning_rod",
    "lime_candle": "candle",
    "lime_candle_cake": "cube",
    "lit_deepslate_redstone_ore": "cube",
    "magenta_candle": "candle",
    "magenta_candle_cake": "cube",
    "medium_amethyst_bud": "cross_texture",
    "moss_block": "cube",
    "moss_carpet": "carpet",
    "orange_candle": "candle",
    "orange_candle_cake": "cube",
    "oxidized_copper": "cube",
    "oxidized_cut_copper": "cube",
    "oxidized_cut_copper_slab": "slab",
    "oxidized_cut_copper_stairs": "stairs",
    "oxidized_double_cut_copper_slab": "cube",
    "pink_candle": "candle",
    "pink_candle_cake": "cube",
    "pointed_dripstone": "cross_texture",
    "polished_deepslate": "cube",
    "polished_deepslate_double_slab": "cube",
    "polished_deepslate_slab": "slab",
    "polished_deepslate_stairs": "stairs",
    "polished_deepslate_wall": "wall",
    "powder_snow": "cube",
    "purple_candle": "candle",
    "purple_candle_cake": "cake",
    "raw_copper_block": "cube",
    "raw_gold_block": "cube",
    "raw_iron_block": "cube",
    "red_candle": "candle",
    "red_candle_cake": "cake",
    "small_amethyst_bud": "cross_texture",
    "smooth_basalt": "cube",
    "spore_blossom": "cube",
    "tinted_glass": "cube",
    "tuff": "cube",
    "waxed_copper": "cube",
    "waxed_cut_copper": "cube",
    "waxed_cut_copper_slab": "slab",
    "waxed_cut_copper_stairs": "stairs",
    "waxed_double_cut_copper_slab": "cube",
    "waxed_exposed_copper": "cube",
    "waxed_exposed_cut_copper": "cube",
    "waxed_exposed_cut_copper_slab": "slab",
    "waxed_exposed_cut_copper_stairs": "stairs",
    "waxed_exposed_double_cut_copper_slab": "cube",
    "waxed_oxidized_copper": "cube",
    "waxed_oxidized_cut_copper": "cube",
    "waxed_oxidized_cut_copper_slab": "slab",
    "waxed_oxidized_cut_copper_stairs": "stairs",
    "waxed_oxidized_double_cut_copper_slab": "cube",
    "waxed_weathered_copper": "cube",
    "waxed_weathered_cut_copper": "cube",
    "waxed_weathered_cut_copper_slab": "slab",
    "waxed_weathered_cut_copper_stairs": "stairs",
    "waxed_weathered_double_cut_copper_slab": "cube",
    "weathered_copper": "cube",
    "weathered_cut_copper": "cube",
    "weathered_cut_copper_slab": "slab",
    "weathered_cut_copper_stairs": "stairs",
    "weathered_double_cut_copper_slab": "cube",
    "white_candle": "candle",
    "white_candle_cake": "cake",
    "yellow_candle": "candle",
    "yellow_candle_cake": "cake",

    "mangrove_button": "button",
    "mangrove_propagule": "cross_texture",
    "mangrove_planks": "cube",
    "mangrove_wood": "cube",
    "mangrove_door": "door",
    "mangrove_fence": "fence",
    "mangrove_fence_gate": "fence_gate",
    "mangrove_leaves": "cube",
    "mangrove_roots": "cube",
    "muddy_mangrove_roots": "cube",
    "mangrove_pressure_plate": "pressure_plate",
    "mangrove_slab": "slab",
    "mangrove_double_slab": "cube",
    "mangrove_stairs": "stairs",
    "mangrove_standing_sign": "standing_sign",
    "mangrove_trapdoor": "trapdoor",
    "mangrove_log": "tree",
    "stripped_mangrove_log": "tree",
    "stripped_mangrove_wood": "tree",
    "mangrove_wall_sign": "wall_sign",
    
    "mud": "cube",
    "mud_brick_double_slab": "cube",
    "mud_brick_slab": "slab",
    "mud_brick_stairs": "stairs",
    "mud_brick_wall": "wall",
    "mud_bricks": "cube",
    "packed_mud": "cube",
    "reinforced_deepslate": "cube",
    
    "sculk": "cube",
    "sculk_catalyst": "cube",
    "sculk_sensor": "sculk_sensor",
    "sculk_shrieker": "cube",
    "sculk_vein": "vine-multi",
    
    "pearlescent_froglight": "cube",
    "ochre_froglight": "cube",
    "verdant_froglight": "cube",
    "frog_spawn": "carpet",
	"double_stone_block_slab3":"cube",
	"double_stone_block_slab4":"cube",
	
	"air": "ignore",
	"camera": "ignore",
	"invisibleBedrock": "ignore",
    "skull": "ignore",
    "standing_banner": "ignore",
    "wall_banner": "ignore",
    "jigsaw": "ignore",
	"cave_air":"ignore",
	"structure_block": "ignore",
	"spruce_log":"tree",
	"birch_log":"tree",
	"stripped_birch_wood":"tree",
	"birch_double_slab":"cube",
	"birch_wood":"cube",
	"birch_leaves":"cube",
	"birch_slab":"slab",
	"stripped_jungle_wood":"tree",
	"jungle_slab":"slab",
	"jungle_double_slab":"cube",
	"jungle_wood":"cube",
	"jungle_leaves":"cube",
	"jungle_log":"tree",
	"acacia_log":"tree",
	"stripped_acacia_wood":"tree",
	"acacia_leaves":"cube",
	"acacia_double_slab":"cube",
	"acacia_slab":"slab",
	"acacia_wood":"tree",
	"dark_oak_log":"tree",
	"birch_fence":"fence",
	"jungle_fence":"fence",
	"acacia_fence":"fence",
	"dark_oak_fence":"fence",
	"oak_log":"tree",
	"oak_fence":"fence",
	"structure_void": "ignore",
	"calibrated_sculk_sensor":"sculk_sensor",
    "bamboo_door":"door",
    "bamboo_fence":"fence",
    "bamboo_fence_gate":"fence_gate",
    "bamboo_stairs":"stairs",
    "bamboo_mosaic_stairs":"stairs",
    "bamboo_standing_sign":"standing_sign",
    "bamboo_trapdoor":"trapdoor",
    "bamboo_mosaic_slab":"slab",
    "bamboo_wall_sign":"wall_sign",
    "bamboo_planks":"cube",
    "bamboo_slab":"slab",
    "bamboo_mosaic":"cube",
    "bamboo_button":"button",
    "bamboo_pressure_plate":"pressure_plate",
    "cherry_door":"door",
    "cherry_fence":"fence",
    "cherry_fence_gate":"fence_gate",
    "cherry_stairs":"stairs",
    "cherry_standing_sign":"standing_sign",
    "cherry_log":"tree",
    "cherry_trapdoor":"trapdoor",
    "cherry_leaves":"cube",
    "cherry_wall_sign":"wall_sign",
    "cherry_planks":"cube",
    "cherry_slab":"slab",
    "cherry_wood":"cube",
    "cherry_button":"button",
    "cherry_pressure_plate":"pressure_plate",
    "stripped_cherry_log":"tree",
    "stripped_cherry_wood":"cube",
    "bamboo_block":"tree",
    "stripped_bamboo_block":"tree",
	"piston_arm_collision":"ignore",
	"small_dripleaf_block": "ignore",
	"sticky_piston_arm_collision":"ignore",
	"sniffer_egg":"sniffer_egg",
	"pitcher_crop":"ignore",
	"torchflower":"ignore",
	"torchflower_crop":"ignore",
	"suspicious_gravel":"cube",
	"suspicious_sand":"cube",
	"pink_petals":"ignore",
	"cherry_hanging_sign":"ignore",
	"warped_hanging_sign":"ignore",
	"crimson_hanging_sign":"ignore",
	"mangrove_hanging_sign":"ignore",
	"oak_hanging_sign":"ignore",
	"dark_oak_hanging_sign":"ignore",
	"acacia_hanging_sign":"ignore",
	"jungle_hanging_sign":"ignore",
	"birch_hanging_sign":"ignore",
	"bamboo_hanging_sign":"ignore",
	"spruce_hanging_sign":"ignore",
	"cherry_double_slab": "cube",
	"cherry_sapling":"cross_texture",
	"decorated_pot":"cube",
	"bamboo_double_slab":"cube",

    "allium": "cross_texture",
    "bamboo_mosaic_double_slab":"cube",
    "chiseled_copper":"cube",
    "chiseled_tuff":"cube",
    "chiseled_tuff_bricks":"cube",
    "client_request_placeholder_block":"ignore",
    "copper_bulb":"cube",
    "copper_door":"door",
    "copper_grate":"cube",
    "cornflower":"cross_texture",
    "crafter":"cube",
    "dead_brain_coral_fan":"cube",
    "dead_bubble_coral_fan":"cube",
    "dead_fire_coral_fan":"cube",
    "dead_horn_coral_fan":"cube",
    "dead_tube_coral_fan":"cube",
    "vault":"cube"
}
