{
    "anvil": {
        "north": [0, 90, 0],
		"south": [0, 270, 0 ],
        "east": [0, 180, 0 ],
        "west": [0, 0, 0 ],
        "up": [270, 0, 0 ],
        "down": [90, 0, 0 ],
        "0": [0, 90, 0 ],   
		"1": [0, 180, 0 ],	
		"2": [0, 270, 0 ],
		"3": [0, 0, 0 ]			
    },
    "sculk_sensor":{
		"south": [0, 0, 0 ],
        "east": [0, 270, 0 ],
        "west": [0, 90, 0 ],
        "north": [0, 180, 0]
	},
	"observer": {
        "south": [0, 180, 0 ],
        "east": [0, 90, 0 ],
        "west": [0, 270, 0 ],
        "up": [270, 0, 0 ],
        "down": [90, 0, 0 ],
        "north": [0, 0, 0],
        "0": [90,0,0],
        "1": [ 270,0,0],
        "2": [ 0,0,0],
        "3": [0,180, 0],
        "4": [0,270,0],
        "5": [ 0, 90, 0]
    },
	"slab":{
		"bottom":[0,0,0],
		"top":[0,0,180]
	},
	"barrel": {
        "0": [
            90,
            0,
            0
        ],
        "1": [
            270,
            0,
            0
        ],
        "2": [
            0,
            0,
            0
        ],
        "3": [
            0,
            180,
            0
        ],
        "4": [
            0,
            270,
            0
        ],
        "5": [
            0,
            90,
            0
        ]
    },
	"cross_texture":{
		"None":[0,45,0],
		"0":[0,45,0],
		"1":[0,45,0],
		"2":[0,45,0],
		"3":[0,45,0],
		"4":[0,45,0],
		"5":[0,45,0],
		"6":[0,45,0]
	},
    "facing_block": {
        "0": [
            90,
            0,
            0
        ],
        "1": [
            270,
            0,
            0
        ],
        "2": [
            0,
            0,
            0
        ],
        "3": [
            0,
            180,
            0
        ],
        "4": [
            0,
            270,
            0
        ],
        "5": [
            0,
            90,
            0
        ]
    },
	
    "loom": {
        "0": [
            0,
            180,
            0
        ],
        "1": [
            0,
            270,
            0
        ],
        "2": [
            0,
            0,
            0
        ],
        "3": [
            0,
            90,
            0
        ]
    },
	"carved_pumpkin": {
        "south": [0, 180, 0 ],
        "east": [0, 90, 0 ],
        "west": [0, 270, 0 ],
        "up": [270, 0, 0 ],
        "down": [90, 0, 0 ],
        "north": [0, 0, 0],
        "0": [
            0,
            0,
            0
        ],
        "1": [
            0,
            90,
            0
        ],
        "2": [
            0,
            180,
            0
        ],
        "3": [
            0,
            270,
            0
        ]
    },
	"hive": {
        "0": [
            0,
            0,
            0
        ],
        "1": [
            0,
            90,
            0
        ],
        "2": [
            0,
            180,
            0
        ],
        "3": [
            0,
            270,
            0
        ]
    },
	
    "glazed_terracotta": {
        "0": [
            90,
            0,
            0
        ],
        "1": [
            270,
            0,
            0
        ],
        "2": [
            0,
            0,
            0
        ],
        "3": [
            0,
            180,
            0
        ],
        "4": [
            0,
            270,
            0
        ],
        "5": [
            0,
            90,
            0
        ]
    },
    "dispenser": {
        "0": [
            270,
            0,
            0
        ],
        "1": [
            90,
            0,
            0
        ],
        "2": [
            0,
            180,
            0
        ],
        "3": [
            0,
            0,
            0
        ],
        "4": [
            0,
            90,
            0
        ],
        "5": [
            0,
            270,
            0
        ]
    },
    "piston": {
        "0": [
            180,
            0,
            0
        ],
        "1": [
            0,
            0,
            0
        ],
        "2": [
            -90,
            0,
            0
        ],
        "3": [
            90,
            0,
            0
        ],
        "4": [
            0,
            0,
            -90
        ],
        "5": [
            0,
            0,
            90
        ]
    },
	"sticky_piston": {
        "0": [
            180,
            0,
            0
        ],
        "1": [
            0,
            0,
            0
        ],
        "2": [
            -90,
            0,
            0
        ],
        "3": [
            90,
            0,
            0
        ],
        "4": [
            0,
            0,
            -90
        ],
        "5": [
            0,
            0,
            90
        ]
    },
    "furnace": {
        "south": [0, 180, 0 ],
        "east": [0, 90, 0 ],
        "west": [0, 270, 0 ],
        "up": [270, 0, 0 ],
        "down": [90, 0, 0 ],
        "north": [0, 0, 0],
        "0": [90,0,0],
        "0": [
            180,
            0,
            0
        ],
        "1": [
            0,
            0,
            0
        ],
        "2": [
            0,
            180,
            0
        ],
        "3": [
            0,
            0,
            0
        ],
        "4": [
            0,
            90,
            0
        ],
        "5": [
            0,
            -90,
            0
        ]
    },
	"command_block":{
        "0": [0,0,180],
        "1": [0,0,0],
        "2": [90,0,90], 
        "3": [270, 0, 90],
        "4": [0, 0, 90],
        "5": [180, 0, 90]
	},
    "unpowered_repeater": {
        "south": [0,180,0],
        "north": [0,0,0],
        "west": [0,270,0],
        "east": [0,90,0],
        "0": [0,180,0],
        "1": [0,-90,0],
        "2": [0,0,0],
        "3": [0,90,0]
    },
    "repeater": {
        "south": [0,180,0],
        "north": [0,0,0],
        "west": [0,270,0],
        "east": [0,90,0],
        "0": [0,180,0],
        "1": [0,-90,0],
        "2": [0,0,0],
        "3": [0,90,0]
    },
    "comparator": {
        "south": [0,180,0],
        "north": [0,0,0],
        "west": [0,270,0],
        "east": [0,90,0],
        "0": [0,180,0],
        "1": [0,-90,0],
        "2": [0,0,0],
        "3": [0,90,0]
    },
    "unpowered_comparator": {
        "south": [0,180,0],
        "north": [0,0,0],
        "west": [0,270,0],
        "east": [0,90,0],
        "0": [0,180,0],
        "1": [0,-90,0],
        "2": [0,0,0],
        "3": [0,90,0]
    },
    "torch": {
        "unknown": [
            0,
            0,
            0
        ],
        "top": [
            0,
            0,
            0
        ],
        "north": [
            -45,
            0,
            0
        ],
        "south": [
            45,
            0,
            0
        ],
        "east": [
            0,
            0,
            45
        ],
        "west": [
            0,
            0,
            -45
        ]
    },
	"stairs":{
        "0": [
            0,
            90,
            0
        ],
        "1": [
            0,
            -90,
            0
        ],
        "2": [
            0,
            180,
            0
        ],
        "3": [
            0,
            0,
            0
        ]
    },
	"frame":{
		"0": [
            180,
            0,
            0
        ],
		"1": [
            0,
            0,
            0
        ],
		"2": [
            90,
            0,
            0
        ],
		"3": [
            -90,
            0,
            0
        ],
		"4": [
            0,
            0,
            90
        ],
		"5": [
            0,
            0,
            -90
        ]
	},
	"button":{
		"0": [
            180,
            0,
            0
        ],
		"1": [
            0,
            0,
            0
        ],
		"2": [
            90,
            0,
            0
        ],
		"3": [
            -90,
            0,
            0
        ],
		"4": [
            0,
            90,
            90
        ],
		"5": [
            0,
            90,
            -90
        ]
	},
	"hopper":{
        "0": [
            0,
            0,
            0
        ],
        "1": [
             0,
            90,
            0
        ],
        "2": [
            0,
            270,
            0
        ],
        "3": [
            0,
            90,
            0
        ],
        "4": [
            0,
            180,
            0
        ],
        "5": [
            0,
            0,
            0
        ]
    },
	
	"end_rod":{
		"0":[180,0,0],
		"1":[0,0,0],
		"2":[270,0,0],
		"3":[90,0,0],
		"4":[0,0,270],
		"5":[0,0,90]
	},
    "trapdoor": {
        "0": [
            0,
            -90,
            0
        ],
        "1": [
            0,
            90,
            0
        ],
        "2": [
            0,
            0,
            0
        ],
        "3": [
            0,
            180,
            0
        ]
    },
	    "door": {
        "0": [
            0,
            -90,
            0
        ],
        "2": [
            0,
            90,
            0
        ],
        "1": [
            0,
            0,
            0
        ],
        "3": [
            0,
            180,
            0
        ]
    },
	    "standing_sign": {
        "0": [
            0,
            0,
            0
        ],
        "1": [
            0,
            22.5,
            0
        ],
        "2": [
            0,
            45,
            0
        ],
        "3": [
            0,
            67.5,
            0
        ],
        "4": [
            0,
            90,
            0
        ],
        "5": [
            0,
            112.5,
            0
        ],
        "6": [
            0,
            135,
            0
        ],
        "7": [
            0,
            157.5,
            0
        ],
        "8": [
            0,
            180,
            0
        ],
        "9": [
            0,
            202.5,
            0
        ],
        "10": [
            0,
            225,
            0
        ],
        "11": [
            0,
            247.5,
            0
        ],
        "12": [
            0,
            270,
            0
        ],
        "13": [
            0,
            292.5,
            0
        ],
        "14": [
            0,
            315,
            0
        ],
        "15": [
            0,
            337.5,
            0
        ]
    },
	"wall_sign": {
        "0": [
            0,
            0,
            0
        ],
        "1": [
            0,
            0,
            0
        ],
        "2": [
            0,
            180,
            0
        ],
        "3": [
            0,
            0,
            0
        ],
        "4": [
            0,
            90,
            0
        ],
        "5": [
            0,
            270,
            0
        ]
    },
	"fence_gate": {
        "0": [
            0,
            90,
            0
        ],
        "1": [
            0,
            0,
            0
        ],
        "2": [
            0,
            90,
            0
        ],
        "3": [
            0,
            0,
            0
        ]
    },
	"chest": {
        "0": [
            0,
            0,
            0
        ],
        "1": [
            0,
            0,
            0
        ],
        "2": [
            0,
            180,
            0
        ],
        "3": [
            0,
            0,
            0
        ],
        "4": [
            0,
            90,
            0
        ],
        "5": [
            0,
            270,
            0
        ],
        "north": [
            0,
            180,
            0
        ],
        "south": [
            0,
            0,
            0
        ],
        "east": [
            0,
            270,
            0
        ],
        "west": [
            0,
            90,
            0
        ]
    },
	"chain":{
		"x":[0,0,90],
		"y":[0,0,0],
		"z":[90,0,0]
	},
	"tree":{
		"x":[0,0,90],
		"y":[0,0,0],
		"z":[90,0,0]
	},
    "lever": {
		"down_east_west": [
            180,
            0,
            0
        ],
		"down_north_south": [
            180,
            90,
            0
        ],
		"up_east_west": [
            0,
            0,
            0
        ],
		"up_north_south": [
            0,
            90,
            0
        ],
		"north": [
            90,
            0,
            90
        ],
		"south": [
            -90,
            0,
            90
        ],
		"east": [
            0,
            180,
            -90
        ],
		"west": [
            0,
            0,
            90
        ]
	},
	"rail":{
		"0": [
			0,
			0,
			0
		],
		"1": [
			0,
			90,
			0
		],
		"2": [
			-45,
			90,
			0
		],
		"3": [
			45,
			90,
			0
		],
		"4": [
			-45,
			0,
			0
		],
		"5": [
			45,
			0,
			0
		],
		"6": [
			0,
			180,
			0
		],
		"7": [
			0,
			270,
			0
		],
		"8": [
			0,
			0,
			0
		],
		"9": [
			0,
			90,
			0
		]
	},
	"golden_rail":{
		"0": [
			0,
			0,
			0
		],
		"1": [
			0,
			90,
			0
		],
		"2": [
			-45,
			90,
			0
		],
		"3": [
			45,
			90,
			0
		],
		"4": [
			-45,
			0,
			0
		],
		"5": [
			45,
			0,
			0
		]
	},
	"activator_rail":{
		"0": [
			0,
			0,
			0
		],
		"1": [
			0,
			90,
			0
		],
		"2": [
			-45,
			90,
			0
		],
		"3": [
			45,
			90,
			0
		],
		"4": [
			-45,
			0,
			0
		],
		"5": [
			45,
			0,
			0
		]
	},
	"detector_rail":{
		"0": [
			0,
			0,
			0
		],
		"1": [
			0,
			90,
			0
		],
		"2": [
			-45,
			90,
			0
		],
		"3": [
			45,
			90,
			0
		],
		"4": [
			-45,
			0,
			0
		],
		"5": [
			45,
			0,
			0
		]
	},
	"ladder": {
        "0": [
            270,
            0,
            0
        ],
        "1": [
            90,
            0,
            0
        ],
        "2": [
            0,
            180,
            0
        ],
        "3": [
            0,
            0,
            0
        ],
        "4": [
            0,
            90,
            0
        ],
        "5": [
            0,
            270,
            0
        ]
    },
	"vine": {
        "0": [
            0,
            0,
            0
        ],
        "1": [
            0,
            180,
            0
        ],
        "2": [
            0,
            270,
            0
        ],
        "3": [
            0,
            0,
            0
        ],
        "4": [
            0,
            0,
            0
        ],
        "5": [
            0,
            0,
            0
        ],
        "6": [
            0,
            0,
            0
        ],
        "7": [
            0,
            0,
            0
        ],
		"8" : [
			0,
			90,
			0
		],
		"9" : [
			0,
			0,
			0
		]
    }
}