{
	"minecraft:raw_iron_block": {
		"default": "Raw Iron Block"
	},
	"minecraft:raw_copper_block": {
		"default": "Raw Copper Block"
	},
	"minecraft:raw_gold_block": {
		"default": "Raw Gold Block"
	},
	"minecraft:diamond_block": {
		"default": "Diamond Block"
	},
	"minecraft:emerald_block": {
		"default": "Emerald Block"
	},
	"minecraft:lapis_block": {
		"default": "Lapis Block"
	},
	"minecraft:redstone_block": {
		"default": "Redstone Block"
	},
	"minecraft:coal_block": {
		"default": "Coal Block"
	},
	"minecraft:netherite_block": {
		"default": "Netherite Block"
	},
	"minecraft:barrier": {
		"default": "Barrier Block"
	},
	"minecraft:piston_arm_collision": {
		"default": "Piston Arm"
	},
	"minecraft:sticky_piston_arm_collision": {
		"default": "Sticky Piston Arm"
	},
	"minecraft:iron_ore": {
		"default": "Iron Ore"
	},
	"minecraft:copper_ore": {
		"default": "Copper Ore"
	},
	"minecraft:gold_ore": {
		"default": "Gold Ore"
	},
	"minecraft:diamond_ore": {
		"default": "Diamond Ore"
	},
	"minecraft:emerald_ore": {
		"default": "Emerald Ore"
	},
	"minecraft:lapis_ore": {
		"default": "Lapis Ore"
	},
	"minecraft:redstone_ore": {
		"default": "Redstone Ore"
	},
	"minecraft:coal_ore": {
		"default": "Coal Ore"
	},
	"minecraft:quartz_ore": {
		"default": "Quartz Ore"
	},
	"minecraft:golden_rail": {
		"default": "Powered Rail"
	},
	"minecraft:activator_rail": {
		"default": "Activator Rail"
	},
	"minecraft:detector_rail": {
		"default": "Detector Rail"
	},
	"minecraft:rail": {
		"default": "Rail"
	},
	"minecraft:tripwire_hook": {
		"default": "Tripwire Hook"
	},
	"minecraft:dropper": {
		"default": "Dropper"
	},
	"minecraft:dispenser": {
		"default": "Dispenser"
	},
	"minecraft:piston": {
		"default": "Piston"
	},
	"minecraft:sticky_piston": {
		"default": "Sticky Piston"
	},
	"minecraft:respawn_anchor": {
		"default": "Respawn Anchor"
	},
	"minecraft:deepslate_iron_ore": {
		"default": "Deepslate Iron Ore"
	},
	"minecraft:deepslate_copper_ore": {
		"default": "Deepslate Copper Ore"
	},
	"minecraft:nether_gold_ore": {
		"default": "Nether Gold Ore"
	},
	"minecraft:deepslate_diamond_ore": {
		"default": "Deepslate Diamond Ore"
	},
	"minecraft:deepslate_emerald_ore": {
		"default": "Deepslate Emerald Ore"
	},
	"minecraft:deepslate_lapis_ore": {
		"default": "Deepslate Lapis Ore"
	},
	"minecraft:deepslate_redstone_ore": {
		"default": "Deepslate Redstone Ore"
	},
	"minecraft:deepslate_coal_ore": {
		"default": "Deepslate Coal Ore"
	},
	"minecraft:ancient_debris": {
		"default": "Ancient Debris"
	},
	"minecraft:lightning_rod": {
		"default": "Lightning Rod"
	},
	"minecraft:deepslate_gold_ore": {
		"default": "Deepslate Gold Ore"
	},
	"minecraft:trip_wire": {
		"default": "String"
	},
	"minecraft:hopper": {
		"default": "Hopper"
	},
	"minecraft:gilded_blackstone": {
		"default": "Gilded Blackstone"
	},
	"minecraft:daylight_detector": {
		"default": "Daylight Sensor"
	},
	"minecraft:polished_blackstone_button": {
		"default": "Polished Blackstone Button"
	},
	"minecraft:gold_block": {
		"default": "Gold Block"
	},
	"minecraft:redstone_torch": {
		"default": "Redstone Torch"
	},
	"minecraft:light_weighted_pressure_plate": {
		"default": "Weighted Pressure Plate (light)"
	},
	"minecraft:daylight_detector_inverted": {
		"default": "Daylight Sensor"
	},
	"minecraft:powered_repeater": {
		"default": "Repeater"
	},
	"minecraft:iron_trapdoor": {
		"default": "Iron Trapdoor"
	},
	"minecraft:polished_blackstone_pressure_plate": {
		"default": "Polished Blackstone Pressure Plate"
	},
	"minecraft:stone_button": {
		"default": "Stone Button"
	},
	"minecraft:observer": {
		"default": "Observer"
	},
	"minecraft:unpowered_repeater": {
		"default": "Repeater"
	},
	"minecraft:stone_pressure_plate": {
		"default": "Stone Pressure Plate"
	},
	"minecraft:sculk_sensor": {
		"default": "Sculk Sensor"
	},
	"minecraft:unlit_redstone_torch": {
		"default": "Redstone Torch"
	},
	"minecraft:iron_bars": {
		"default": "Iron Bars"
	},
	"minecraft:target": {
		"default": "Target Block"
	},
	"minecraft:tnt": {
		"default": "TNT"
	},
	"minecraft:heavy_weighted_pressure_plate": {
		"default": "Weighted Pressure Plate (Heavy)"
	},
	"minecraft:lever": {
		"default": "Lever"
	},
	"minecraft:lit_redstone_lamp": {
		"default": "Redstone Lamp"
	},
	"minecraft:redstone_lamp": {
		"default": "Redstone Lamp"
	},
	"minecraft:iron_block": {
		"default": "Iron Block"
	},
	"minecraft:unpowered_comparator": {
		"default": "Comparator"
	},
	"minecraft:deny": {
		"default": "Deny"
	},
	"minecraft:powered_comparator": {
		"default": "Comparator"
	},
	"minecraft:lectern": {
		"default": "Lectern"
	},
	"minecraft:stripped_cherry_wood": {
		"default": "Stripped Cherry Wood"
	},
	"minecraft:bamboo_hanging_sign": {
		"default": "Bamboo Hanging Signs"
	},
	"minecraft:bamboo_fence_gate": {
		"default": "Bamboo Fence Gate"
	},
	"minecraft:lit_smoker": {
		"default": "Smoker"
	},
	"minecraft:smoker": {
		"default": "Smoker"
	},
	"minecraft:blast_furnace": {
		"default": "Blast Furnace"
	},
	"minecraft:furnace": {
		"default": "Furnace"
	},
	"minecraft:bee_nest": {
		"default": "Bee Nest"
	},
	"minecraft:beehive": {
		"default": "Bee Hive"
	},
	"minecraft:smithing_table": {
		"default": "Smithing Table"
	},
	"minecraft:fletching_table": {
		"default": "Fletching Table"
	},
	"minecraft:crafting_table": {
		"default": "Crafting Table"
	},
	"minecraft:cartography_table": {
		"default": "Cartography Table"
	},
	"minecraft:slime": {
		"default": "Slime Block"
	},
	"minecraft:honey_block": {
		"default": "Honey Block"
	},
	"minecraft:honeycomb_block": {
		"default": "Honeycomb Block"
	},
	"minecraft:loom": {
		"default": "Loom"
	},
	"minecraft:flower_pot": {
		"default": "Flower Pot"
	},
	"minecraft:stonecutter_block": {
		"default": "Stonecutter"
	},
	"minecraft:ender_chest": {
		"default": "Ender Chest"
	},
	"minecraft:trapped_chest": {
		"default": "Trapped Chest"
	},
	"minecraft:chest": {
		"default": "Chest"
	},
	"minecraft:conduit": {
		"default": "Conduit"
	},
	"minecraft:beacon": {
		"default": "Beacon"
	},
	"minecraft:jukebox": {
		"default": "Jukebox"
	},
	"minecraft:noteblock": {
		"default": "Noteblock"
	},
	"minecraft:bookshelf": {
		"default": "Bookshelf"
	},
	"minecraft:composter": {
		"default": "Composter"
	},
	"minecraft:cauldron": {
		"default": "Cauldron"
	},
	"minecraft:enchanting_table": {
		"default": "Enchanting Table"
	},
	"minecraft:hay_block": {
		"default": "Hay Block"
	},
	"minecraft:glow_frame": {
		"default": "Glowing Item Frame"
	},
	"minecraft:frame": {
		"default": "Item Frame"
	},
	"minecraft:bone_block": {
		"default": "Bone Block"
	},
	"minecraft:bell": {
		"default": "Bell"
	},
	"minecraft:anvil": {
		"default": "Anvil"
	},
	"minecraft:grass": {
		"default": "Grass Block"
	},
	"minecraft:soul_campfire": {
		"default": "Soul Campfire"
	},
	"minecraft:glowstone": {
		"default": "Glowstone"
	},
	"minecraft:shroomlight": {
		"default": "Shroomlight"
	},
	"minecraft:sea_lantern": {
		"default": "Sea Lantern"
	},
	"minecraft:chain": {
		"default": "Chains"
	},
	"minecraft:end_rod": {
		"default": "End Rod"
	},
	"minecraft:campfire": {
		"default": "Campfire"
	},
	"minecraft:ochre_froglight": {
		"default": "Ochre Froglight"
	},
	"minecraft:verdant_froglight": {
		"default": "Verdant Froglight"
	},
	"minecraft:pearlescent_froglight": {
		"default": "Pearlescent Froglight"
	},
	"minecraft:lodestone": {
		"default": "Lodestone"
	},
	"minecraft:carpet": {
		"gray": "Gray Carpet",
		"black": "Black Carpet",
		"red": "Red Carpet",
		"green": "Green Carpet",
		"brown": "Brown Carpet",
		"blue": "Blue Carpet",
		"purple": "Purple Carpet",
		"cyan": "Cyan Carpet",
		"silver": "Light Gray Carpet",
		"pink": "Pink Carpet",
		"lime": "Lime Carpet",
		"yellow": "Yellow Carpet",
		"light_blue": "Light Blue Carpet",
		"magenta": "Magenta Carpet",
		"orange": "Orange Carpet",
		"white": "White Carpet"
	},
	"minecraft:black_wool": {
		"default": "Black Wool"
	},
	"minecraft:red_wool": {
		"default": "Red Wool"
	},
	"minecraft:green_wool": {
		"default": "Green Wool"
	},
	"minecraft:brown_wool": {
		"default": "Brown Wool"
	},
	"minecraft:blue_wool": {
		"default": "Blue Wool"
	},
	"minecraft:purple_wool": {
		"default": "Purple Wool"
	},
	"minecraft:cyan_wool": {
		"default": "Cyan Wool"
	},
	"minecraft:light_gray_wool": {
		"default": "Light Gray Wool"
	},
	"minecraft:gray_wool": {
		"default": "Gray Wool"
	},
	"minecraft:pink_wool": {
		"default": "Pink Wool"
	},
	"minecraft:lime_wool": {
		"default": "Lime Wool"
	},
	"minecraft:yellow_wool": {
		"default": "Yellow Wool"
	},
	"minecraft:light_blue_wool": {
		"default": "Light Blue Wool"
	},
	"minecraft:magenta_wool": {
		"default": "Magenta Wool"
	},
	"minecraft:orange_wool": {
		"default": "Orange Wool"
	},
	"minecraft:white_wool": {
		"default": "White Wool"
	},
	"minecraft:barrel": {
		"default": "Barrel"
	},
	"minecraft:black_concrete": {
		"default": "Black Concrete"
	},
	"minecraft:red_concrete": {
		"default": "Red Concrete"
	},
	"minecraft:green_concrete": {
		"default": "Green Concrete"
	},
	"minecraft:brown_concrete": {
		"default": "Brown Concrete"
	},
	"minecraft:blue_concrete": {
		"default": "Blue Concrete"
	},
	"minecraft:purple_concrete": {
		"default": "Purple Concrete"
	},
	"minecraft:cyan_concrete": {
		"default": "Cyan Concrete"
	},
	"minecraft:silver_concrete": {
		"default": "Light Gray Concrete"
	},
	"minecraft:gray_concrete": {
		"default": "Gray Concrete"
	},
	"minecraft:pink_concrete": {
		"default": "Pink Concrete"
	},
	"minecraft:lime_concrete": {
		"default": "Lime Concrete"
	},
	"minecraft:yellow_concrete": {
		"default": "Yellow Concrete"
	},
	"minecraft:light_blue_concrete": {
		"default": "Light Blue Concrete"
	},
	"minecraft:magenta_concrete": {
		"default": "Magenta Concrete"
	},
	"minecraft:orange_concrete": {
		"default": "Orange Concrete"
	},
	"minecraft:white_concrete": {
		"default": "White Concrete"
	},
	"minecraft:concrete_powder": {
		"black": "Black Concrete Powder",
		"red": "Red Concrete Powder",
		"green": "Green Concrete Powder",
		"brown": "Brown Concrete Powder",
		"blue": "Blue Concrete Powder",
		"purple": "Purple Concrete Powder",
		"cyan": "Cyan Concrete Powder",
		"silver": "Light Grey Concrete Powder",
		"gray": "Grey Concrete Powder",
		"pink": "Pink Concrete Powder",
		"lime": "Lime Concrete Powder",
		"yellow": "Yellow Concrete Powder",
		"light_blue": "Blue Concrete Powder",
		"magenta": "Magenta Concrete Powder",
		"orange": "Orange Concrete Powder",
		"white": "White Concrete Powder"
	},
	"minecraft:black_concrete_powder": {
		"default": "Black Concrete Powder"
	},
	"minecraft:red_concrete_powder": {
		"default": "Red Concrete Powder"
	},
	"minecraft:green_concrete_powder": {
		"default": "Green Concrete Powder"
	},
	"minecraft:brown_concrete_powder": {
		"default": "Brown Concrete Powder"
	},
	"minecraft:blue_concrete_powder": {
		"default": "Blue Concrete Powder"
	},
	"minecraft:purple_concrete_powder": {
		"default": "Purple Concrete Powder"
	},
	"minecraft:cyan_concrete_powder": {
		"default": "Cyan Concrete Powder"
	},
	"minecraft:silver_concrete_powder": {
		"default": "Light Gray Concrete Powder"
	},
	"minecraft:gray_concrete_powder": {
		"default": "Gray Concrete Powder"
	},
	"minecraft:pink_concrete_powder": {
		"default": "Pink Concrete Powder"
	},
	"minecraft:lime_concrete_powder": {
		"default": "Lime Concrete Powder"
	},
	"minecraft:yellow_concrete_powder": {
		"default": "Yellow Concrete Powder"
	},
	"minecraft:light_blue_concrete_powder": {
		"default": "Light Blue Concrete Powder"
	},
	"minecraft:magenta_concrete_powder": {
		"default": "Magenta Concrete Powder"
	},
	"minecraft:orange_concrete_powder": {
		"default": "Orange Concrete Powder"
	},
	"minecraft:white_concrete_powder": {
		"default": "White Concrete Powder"
	},
	"minecraft:cocoa": {
		"default": "Cocoa Bean"
	},
	"minecraft:stained_hardened_clay": {
		"black": "Black Terracotta",
		"red": "red  Terracotta",
		"green": "Green  Terracotta",
		"brown": "Brown  Terracotta",
		"blue": "Blue Terracotta",
		"purple": "Purple Terracotta",
		"cyan": "Cyan Terracotta",
		"silver": "Light Gray Terracotta",
		"gray": "Gray Terracotta",
		"pink": "Pink Terracotta",
		"lime": "Lime Terracotta",
		"yellow": "Yellow Terracotta",
		"light_blue": "Light Blue Terracotta",
		"magenta": "Magenta Terracotta",
		"orange": "Orange Terracotta",
		"white": "White Terracotta"
	},
	"minecraft:black_terracotta": {
		"default": "Black Terracotta"
	},
	"minecraft:red_terracotta": {
		"default": "Red Terracotta"
	},
	"minecraft:green_terracotta": {
		"default": "Green Terracotta"
	},
	"minecraft:brown_terracotta": {
		"default": "Brown Terracotta"
	},
	"minecraft:blue_terracotta": {
		"default": "Blue Terracotta"
	},
	"minecraft:purple_terracotta": {
		"default": "Purple Terracotta"
	},
	"minecraft:cyan_terracotta": {
		"default": "Cyan Terracotta"
	},
	"minecraft:silver_terracotta": {
		"default": "Light Gray Terracotta"
	},
	"minecraft:gray_terracotta": {
		"default": "Gray Terracotta"
	},
	"minecraft:pink_terracotta": {
		"default": "Pink Terracotta"
	},
	"minecraft:lime_terracotta": {
		"default": "Lime Terracotta"
	},
	"minecraft:yellow_terracotta": {
		"default": "Yellow Terracotta"
	},
	"minecraft:light_blue_terracotta": {
		"default": "Light Blue Terracotta"
	},
	"minecraft:magenta_terracotta": {
		"default": "Magenta Terracotta"
	},
	"minecraft:orange_terracotta": {
		"default": "Orange Terracotta"
	},
	"minecraft:white_terracotta": {
		"default": "White Terracotta"
	},
	"minecraft:jungle_log": {
		"default": "Jungle Log"
	},
	"minecraft:black_glazed_terracotta": {
		"default": "Black Glazed Terracotta"
	},
	"minecraft:gray_glazed_terracotta": {
		"default": "Gray Glazed Terracotta"
	},
	"minecraft:silver_glazed_terracotta": {
		"default": "Light Gray Glazed Terracotta"
	},
	"minecraft:white_glazed_terracotta": {
		"default": "White Glazed Terracotta"
	},
	"minecraft:yellow_glazed_terracotta": {
		"default": "Yellow Glazed Terracotta"
	},
	"minecraft:orange_glazed_terracotta": {
		"default": "Orange Glazed Terracotta"
	},
	"minecraft:red_glazed_terracotta": {
		"default": "Red Glazed Terracotta"
	},
	"minecraft:brown_glazed_terracotta": {
		"default": "Brown Glazed Terracotta"
	},
	"minecraft:cake": {
		"default": "Cake"
	},
	"minecraft:light_blue_glazed_terracotta": {
		"default": "Blue Glazed Terracotta"
	},
	"minecraft:cyan_glazed_terracotta": {
		"default": "Cyan Glazed Terracotta"
	},
	"minecraft:green_glazed_terracotta": {
		"default": "Green Glazed Terracotta"
	},
	"minecraft:lime_glazed_terracotta": {
		"default": "Lime Glazed Terracotta"
	},
	"minecraft:pink_glazed_terracotta": {
		"default": "Pink Glazed Terracotta"
	},
	"minecraft:magenta_glazed_terracotta": {
		"default": "Magenta Glazed Terracotta"
	},
	"minecraft:purple_glazed_terracotta": {
		"default": "Purple Glazed Terracotta"
	},
	"minecraft:blue_glazed_terracotta": {
		"default": "Blue Glazed Terracotta"
	},
	"minecraft:skull": {
		"default": "Mob Head"
	},
	"minecraft:turtle_egg": {
		"default": "Turtle Egg"
	},
	"minecraft:bed": {
		"default": "Bed"
	},
	"minecraft:soul_torch": {
		"default": "Soul Torch"
	},
	"minecraft:torch": {
		"default": "Torch"
	},
	"minecraft:soul_lantern": {
		"default": "Soul Lantern"
	},
	"minecraft:lantern": {
		"default": "Lantern"
	},
	"minecraft:sea_pickle": {
		"default": "Sea Pickle"
	},
	"minecraft:white_candle": {
		"default": "White Candle"
	},
	"minecraft:candle": {
		"default": "Candle"
	},
	"minecraft:magenta_candle": {
		"default": "Magenta Candle"
	},
	"minecraft:orange_candle": {
		"default": "Orange Candle"
	},
	"minecraft:light_blue_candle": {
		"default": "Light Blue Candle"
	},
	"minecraft:yellow_candle": {
		"default": "Yellow Candle"
	},
	"minecraft:pink_candle": {
		"default": "Pink Candle"
	},
	"minecraft:lime_candle": {
		"default": "Lime Candle"
	},
	"minecraft:gray_candle": {
		"default": "Gray Candle"
	},
	"minecraft:light_gray_candle": {
		"default": "Light Gray Candle"
	},
	"minecraft:purple_candle": {
		"default": "Purple Candle"
	},
	"minecraft:cyan_candle": {
		"default": "Cyan Candle"
	},
	"minecraft:green_candle": {
		"default": "Green Candle"
	},
	"minecraft:brown_candle": {
		"default": "Brown Candle"
	},
	"minecraft:red_candle": {
		"default": "Red Candle"
	},
	"minecraft:black_candle": {
		"default": "Black Candle"
	},
	"minecraft:shulker_box": {
		"white": "White Shulker Box",
		"gray": "Grey Shulker Box",
		"silver": "Light Grey Shulker Box",
		"green": "Green Shulker Box",
		"black": "Black Shulker Box",
		"cyan": "Cyan Shulker Box",
		"brown": "Brown Shulker Box",
		"light_blue": "Light Blue Shulker Box",
		"red": "Red Shulker Box",
		"blue": "Blue Shulker Box",
		"orange": "Orange Shulker Box",
		"purple": "Purple Shulker Box",
		"lime": "Lime Shulker Box",
		"pink": "Pink Shulker Box",
		"magenta": "Magenta Shulker Box",
		"default": "Shulker Box"
	},
	"minecraft:white_shulker_box": {
		"default": "White Shulker Box"
	},
	"minecraft:gray_shulker_box": {
		"default": "Gray Shulker Box"
	},
	"minecraft:silver_shulker_box": {
		"default": "Light Gray Shulker Box"
	},
	"minecraft:green_shulker_box": {
		"default": "Green Shulker Box"
	},
	"minecraft:black_shulker_box": {
		"default": "Black Shulker Box"
	},
	"minecraft:cyan_shulker_box": {
		"default": "Cyan Shulker Box"
	},
	"minecraft:brown_shulker_box": {
		"default": "Brown Shulker Box"
	},
	"minecraft:light_blue_shulker_box": {
		"default": "Light Blue Shulker Box"
	},
	"minecraft:red_shulker_box": {
		"default": "Red Shulker Box"
	},
	"minecraft:blue_shulker_box": {
		"default": "Blue Shulker Box"
	},
	"minecraft:orange_shulker_box": {
		"default": "Orange Shulker Box"
	},
	"minecraft:purple_shulker_box": {
		"default": "Purple Shulker Box"
	},
	"minecraft:lime_shulker_box": {
		"default": "Lime Shulker Box"
	},
	"minecraft:pink_shulker_box": {
		"default": "Pink Shulker Box"
	},
	"minecraft:magenta_shulker_box": {
		"default": "Magenta Shulker Box"
	},
	"minecraft:undyed_shulker_box": {
		"default": "Shulker Box"
	},
	"minecraft:coral_fan_hang": {
		"default": "Coral Fan"
	},
	"minecraft:coral_fan_dead": {
		"default": "Dead Coral Fan"
	},
	"minecraft:coral": {
		"default": "Coral"
	},
	"minecraft:coral_fan": {
		"default": "Coral Fan"
	},
	"minecraft:coral_block": {
		"default": "Coral Block"
	},
	"minecraft:coral_fan_hang2": {
		"default": "Coral Fan"
	},
	"minecraft:coral_fan_hang3": {
		"default": "Coral Fan"
	},
	"minecraft:water": {
		"default": "Water"
	},
	"minecraft:seagrass": {
		"default": "Seagrass"
	},
	"minecraft:kelp": {
		"default": "Kelp"
	},
	"minecraft:warped_trapdoor": {
		"default": "Warped Trapdoor"
	},
	"minecraft:warped_button": {
		"default": "Warped Button"
	},
	"minecraft:warped_standing_sign": {
		"default": "Warped Sign"
	},
	"minecraft:nether_sprouts": {
		"default": "Nether Sprouts"
	},
	"minecraft:warped_stem": {
		"default": "Warped Stem"
	},
	"minecraft:stripped_warped_stem": {
		"default": "Stripped Warped Stem"
	},
	"minecraft:warped_stairs": {
		"default": "Warped Stairs"
	},
	"minecraft:warped_fence_gate": {
		"default": "Warped Fence Gate"
	},
	"minecraft:warped_fence": {
		"default": "Warped Fence"
	},
	"minecraft:warped_wall_sign": {
		"default": "Warped Sign"
	},
	"minecraft:warped_wart_block": {
		"default": "Warped Wart Block"
	},
	"minecraft:warped_slab": {
		"default": "Warped Slab"
	},
	"minecraft:warped_double_slab": {
		"default": "Warped Planks"
	},
	"minecraft:warped_pressure_plate": {
		"default": "Warped Pressure Plate"
	},
	"minecraft:warped_hyphae": {
		"default": "Warped Hyphae"
	},
	"minecraft:warped_roots": {
		"default": "Warped Roots"
	},
	"minecraft:warped_planks": {
		"default": "Warped Planks"
	},
	"minecraft:warped_fungus": {
		"default": "Warped Fungus"
	},
	"minecraft:warped_nylium": {
		"default": "Warped Nylium"
	},
	"minecraft:crimson_trapdoor": {
		"default": "Crimson Trapdoor"
	},
	"minecraft:crimson_button": {
		"default": "Crimson Button"
	},
	"minecraft:crimson_standing_sign": {
		"default": "Crimson Sign"
	},
	"minecraft:crimson_nylium": {
		"default": "Crimson Nylium"
	},
	"minecraft:crimson_stem": {
		"default": "Crimson Stem"
	},
	"minecraft:stripped_crimson_stem": {
		"default": "Stripped Crimson Stem"
	},
	"minecraft:crimson_stairs": {
		"default": "Crimson Stairs"
	},
	"minecraft:crimson_fence_gate": {
		"default": "Crimson Fence Gate"
	},
	"minecraft:crimson_fence": {
		"default": "Crimson Fence"
	},
	"minecraft:crimson_wall_sign": {
		"default": "Crimson Sign"
	},
	"minecraft:crimson_slab": {
		"default": "Crimson Slab"
	},
	"minecraft:crimson_double_slab": {
		"default": "Crimson Planks"
	},
	"minecraft:crimson_pressure_plate": {
		"default": "Crimson Pressure Plate"
	},
	"minecraft:crimson_hyphae": {
		"default": "Crimson Hyphae"
	},
	"minecraft:nether_wart_block": {
		"default": "Nether Wart Block"
	},
	"minecraft:crimson_planks": {
		"default": "Crimson Planks"
	},
	"minecraft:crimson_roots": {
		"default": "Crimson Roots"
	},
	"minecraft:crimson_fungus": {
		"default": "Crimson Fungus"
	},
	"minecraft:mangrove_trapdoor": {
		"default": "Mangrove Trapdoor"
	},
	"minecraft:mangrove_button": {
		"default": "Mangrove Button"
	},
	"minecraft:mangrove_standing_sign": {
		"default": "Mangrove Sign"
	},
	"minecraft:mangrove_log": {
		"default": "Mangrove Log"
	},
	"minecraft:stripped_mangrove_log": {
		"default": "Stripped Mangrove Log"
	},
	"minecraft:mangrove_stairs": {
		"default": "Mangrove Stairs"
	},
	"minecraft:mangrove_fence_gate": {
		"default": "Mangrove Fence Gates"
	},
	"minecraft:mangrove_fence": {
		"default": "Mangrove Fence"
	},
	"minecraft:mangrove_wall_sign": {
		"default": "Mangrove Sign"
	},
	"minecraft:mangrove_leaves": {
		"default": "Mangrove Leaves"
	},
	"minecraft:mangrove_slab": {
		"default": "Mangrove Slab"
	},
	"minecraft:mangrove_double_slab": {
		"default": "Mangrove Planks"
	},
	"minecraft:mangrove_pressure_plate": {
		"default": "Mangrove Pressure Plate"
	},
	"minecraft:mangrove_wood": {
		"default": "Mangrove Wood"
	},
	"minecraft:stripped_mangrove_wood": {
		"default": "Stripped Mangrove Wood"
	},
	"minecraft:mangrove_roots": {
		"default": "Mangrove Roots"
	},
	"minecraft:mangrove_planks": {
		"default": "Mangrove Planks"
	},
	"minecraft:muddy_mangrove_roots": {
		"default": "Muddy Mangrove Roots"
	},
	"minecraft:mangrove_propagule": {
		"default": "Mangrove Propagule"
	},
	"minecraft:spruce_trapdoor": {
		"default": "Spruce Trapdoor"
	},
	"minecraft:spruce_button": {
		"default": "Spruce Button"
	},
	"minecraft:spruce_standing_sign": {
		"default": "Spruce Sign"
	},
	"minecraft:spruce_log": {
		"default": "Spruce Log"
	},
	"minecraft:stripped_spruce_log": {
		"default": "Stripped Spruce Log"
	},
	"minecraft:spruce_stairs": {
		"default": "Spruce Stairs"
	},
	"minecraft:spruce_fence_gate": {
		"default": "Spruce Fence Gates"
	},
	"minecraft:spruce_fence": {
		"default": "Spruce Fence"
	},
	"minecraft:spruce_wall_sign": {
		"default": "Spruce Sign"
	},
	"minecraft:wooden_slab": {
		"default": "Spruce Slab"
	},
	"minecraft:double_wooden_slab": {
		"default": "Double Wooden Slabs"
	},
	"minecraft:spruce_pressure_plate": {
		"default": "Spruce Pressure Plate"
	},
	"minecraft:wood": {
		"default": "Oak Wood"
	},
	"minecraft:leaves": {
		"default": "Oak Leaves"
	},
	"minecraft:planks": {
		"default": "Spruce Planks"
	},
	"minecraft:sapling": {
		"default": "Spruce Sapling"
	},
	"minecraft:birch_button": {
		"default": "Birch Button"
	},
	"minecraft:birch_trapdoor": {
		"default": "Birch Trapdoor"
	},
	"minecraft:birch_standing_sign": {
		"default": "Birch Sign"
	},
	"minecraft:birch_log": {
		"default": "Birch Log"
	},
	"minecraft:stripped_birch_log": {
		"default": "Stripped Birch Log"
	},
	"minecraft:birch_stairs": {
		"default": "Birch Stairs"
	},
	"minecraft:birch_fence_gate": {
		"default": "Birch Fence Gates"
	},
	"minecraft:birch_fence": {
		"default": "Birch Fence"
	},
	"minecraft:birch_wall_sign": {
		"default": "Birch Sign"
	},
	"minecraft:birch_pressure_plate": {
		"default": "Birch Pressure Plate"
	},
	"minecraft:jungle_trapdoor": {
		"default": "Jungle Trapdoor"
	},
	"minecraft:jungle_button": {
		"default": "Jungle Button"
	},
	"minecraft:jungle_standing_sign": {
		"default": "Jungle Sign"
	},
	"minecraft:stripped_jungle_log": {
		"default": "Jungle Log"
	},
	"minecraft:jungle_stairs": {
		"default": "Jungle Stairs"
	},
	"minecraft:jungle_fence_gate": {
		"default": "Jungle Fence Gate"
	},
	"minecraft:jungle_fence": {
		"default": "Jungle Fence"
	},
	"minecraft:jungle_wall_sign": {
		"default": "Jungle Sign"
	},
	"minecraft:jungle_pressure_plate": {
		"default": "Jungle PRessure Plate"
	},
	"minecraft:acacia_trapdoor": {
		"default": "Acacia Trapdoor"
	},
	"minecraft:acacia_button": {
		"default": "Acacia Button"
	},
	"minecraft:acacia_standing_sign": {
		"default": "Acacia Sign"
	},
	"minecraft:acacia_log": {
		"default": "Acacia Log"
	},
	"minecraft:stripped_acacia_log": {
		"default": "Stripped Acacia Log"
	},
	"minecraft:acacia_stairs": {
		"default": "Acacia Stairs"
	},
	"minecraft:acacia_fence_gate": {
		"default": "Acacia Fence Gate"
	},
	"minecraft:acacia_fence": {
		"default": "Acacia Fence"
	},
	"minecraft:acacia_pressure_plate": {
		"default": "Acacia Pressure Plate"
	},
	"minecraft:acacia_wall_sign": {
		"default": "Acacia Sign"
	},
	"minecraft:leaves2": {
		"default": "Acacia Leaves"
	},
	"minecraft:dark_oak_trapdoor": {
		"default": "Dark Oak Trapdoor"
	},
	"minecraft:dark_oak_button": {
		"default": "Dark Oak Button"
	},
	"minecraft:darkoak_standing_sign": {
		"default": "Dark Oak Sign"
	},
	"minecraft:dark_oak_log": {
		"default": "Dark Oak Log"
	},
	"minecraft:stripped_dark_oak_log": {
		"default": "Stripped Dark Oak Log"
	},
	"minecraft:dark_oak_stairs": {
		"default": "Dark Oak Stairs"
	},
	"minecraft:dark_oak_fence_gate": {
		"default": "Dark Oak Fence Gate"
	},
	"minecraft:dark_oak_fence": {
		"default": "Dark Oak Fence"
	},
	"minecraft:darkoak_wall_sign": {
		"default": "Dark Oak Sign"
	},
	"minecraft:dark_oak_pressure_plate": {
		"default": "Dark Oak Pressure Plate"
	},
	"minecraft:trapdoor": {
		"default": "Oak Trapdoor"
	},
	"minecraft:wooden_button": {
		"default": "Oak Button"
	},
	"minecraft:standing_sign": {
		"default": "Oak Sign"
	},
	"minecraft:azalea": {
		"default": "Azalea"
	},
	"minecraft:oak_log": {
		"default": "Oak Log"
	},
	"minecraft:stripped_oak_log": {
		"default": "Stripped Oak Log"
	},
	"minecraft:oak_stairs": {
		"default": "Oak Stairs"
	},
	"minecraft:fence_gate": {
		"default": "Oak Fence Gate"
	},
	"minecraft:oak_fence": {
		"default": "Oak Fence"
	},
	"minecraft:wall_sign": {
		"default": "Oak Sign"
	},
	"minecraft:wooden_pressure_plate": {
		"default": "Oak Pressure Plate"
	},
	"minecraft:flowering_azalea": {
		"default": "Flowering Azalea"
	},
	"minecraft:brown_mushroom_block": {
		"default": " Brown Mushroom Block"
	},
	"minecraft:red_mushroom_block": {
		"default": "Red Mushroom Block"
	},
	"minecraft:brown_mushroom": {
		"default": "Brown Mushroom"
	},
	"minecraft:red_mushroom": {
		"default": "Red Mushroom"
	},
	"minecraft:amethyst_block": {
		"default": "Amethyst Block"
	},
	"minecraft:budding_amethyst": {
		"default": "Budding Amethyst"
	},
	"minecraft:weeping_vines": {
		"default": "Weeping Vines"
	},
	"minecraft:pointed_dripstone": {
		"default": "Pointed Dripstone"
	},
	"minecraft:hanging_roots": {
		"default": "Hanging Roots"
	},
	"minecraft:spore_blossom": {
		"default": "Spore Blossom"
	},
	"minecraft:amethyst_cluster": {
		"default": "Amethyst Cluster"
	},
	"minecraft:large_amethyst_bud": {
		"default": "Large Amethyst Bud"
	},
	"minecraft:medium_amethyst_bud": {
		"default": "Medium Amethyst Bud"
	},
	"minecraft:small_amethyst_bud": {
		"default": "Small Amethyst Bud"
	},
	"minecraft:vine": {
		"default": "Vines"
	},
	"minecraft:glow_lichen": {
		"default": "Glow Lichen"
	},
	"minecraft:sculk_vein": {
		"default": "Sculk Vein"
	},
	"minecraft:ladder": {
		"default": "Ladder"
	},
	"minecraft:chorus_plant": {
		"default": "Chorus Plant"
	},
	"minecraft:chorus_flower": {
		"default": "Chorus Flower"
	},
	"minecraft:tallgrass": {
		"default": "Tall Grass"
	},
	"minecraft:big_dripleaf": {
		"default": "Big Dripleaf"
	},
	"minecraft:melon_block": {
		"default": "Melon Block"
	},
	"minecraft:carved_pumpkin": {
		"default": "Carved Pumpkin"
	},
	"minecraft:beetroot": {
		"default": "Beetroot"
	},
	"minecraft:wheat": {
		"default": "Wheat"
	},
	"minecraft:pumpkin_stem": {
		"default": "Pumpkin Stem"
	},
	"minecraft:potatoes": {
		"default": "Potatoes"
	},
	"minecraft:carrots": {
		"default": "Carrots"
	},
	"minecraft:melon_stem": {
		"default": "Melon Stem"
	},
	"minecraft:yellow_flower": {
		"default": "Dandelion"
	},
	"minecraft:red_flower": {
		"poppy": "Poppy",
		"orchid": "Blue Orchid",
		"allium": "Allium",
		"houstonia": "Azure Bluet",
		"cornflower": "Cornflower",
		"tulip_red": "Red Tulip",
		"tulip_orange": "Orange Tulip",
		"tulip_white": "White Tulip",
		"tulip_pink": "Pink Tulip",
		"oxeye": "Oxeye Daisy"
	},
	"minecraft:bamboo_sapling": {
		"default": "Bamboo"
	},
	"minecraft:bamboo": {
		"default": "Bamboo"
	},
	"minecraft:pumpkin": {
		"default": "Pumpkin"
	},
	"minecraft:wither_rose": {
		"default": "Wither Rose"
	},
	"minecraft:lit_pumpkin": {
		"default": "Jack O'Lantern"
	},
	"minecraft:stone_block_slab2": {
		"prismarine_dark": "Dark Prismarine Slab",
		"prismarine_brick": "Prismarine Brick Slab",
		"prismarine_rough": "Prismarine Slab",
		"smooth_sandstone": "Smooth Sandstone Slab",
		"red_sandstone": "Red Sandstone Slab",
		"mossy_cobblestone": "Mossy Cobblestone Slab",
		"red_nether_brick": "Red Nether Brick Slab",
		"purpur": "Purpur Slab"
	},
	"minecraft:cactus": {
		"default": "Cactus"
	},
	"minecraft:double_stone_block_slab2": {
		"prismarine_dark": "Dark Prismarine",
		"prismarine_brick": "Prismarine Bricks",
		"prismarine_rough": "Prismarine",
		"smooth_sandstone": "Smooth Sandstone",
		"red_sandstone": "Red Sandstone",
		"mossy_cobblestone": "Mossy Cobblestone",
		"red_nether_brick": "Red Nether Brick",
		"purpur": "Purpur"
	},
	"minecraft:nether_wart": {
		"default": "Nether Wart"
	},
	"minecraft:sweet_berry_bush": {
		"default": "Sweet Berry Bush"
	},
	"minecraft:sand": {
		"default": "Sand"
	},
	"minecraft:sandstone": {
		"smooth": "Smooth Sandstone",
		"heiroglyphs": "Chiseled Sandstone",
		"cut": "Cut Sandstone",
		"default": "Sandstone"
	},
	"minecraft:red_sandstone": {
		"smooth": "Smooth Red Sandstone",
		"heiroglyphs": "Chiseled Red Sandstone",
		"cut": "Cut Red Sandstone",
		"default": "Red Sandstone"
	},
	"minecraft:lava": {
		"default": "Lava"
	},
	"minecraft:stone_block_slab3": {
		"smooth_red_sandstone": "Smooth Red Sandstone Slab",
		"polished_granite": "Polished Granite Slab",
		"polished_diorite": "Polished Diorite Slab",
		"polished_andesite": "Polished Andesite Slab",
		"granite": "Granite Slab",
		"diorite": "Diorite Slab",
		"andesite": "Andesite Slab",
		"end_stone_brick": "End Stone Brick Slab"
	},
	"minecraft:stone_block_slab4": {
		"smooth_quartz": "Smooth Quartz Slab",
		"cut_sandstone": "Cut Sandstone Slab",
		"cut_red_sandstone": "Cut Red Sandstone Slab",
		"stone": "Stone Slab",
		"mossy_stone_brick": "Mossy Stone Brick Slab"
	},
	"minecraft:bubble_column": {
		"default": "Water"
	},
	"minecraft:double_stone_block_slab3": {
		"smooth_red_sandstone": "Smooth Red Sandstone",
		"polished_granite": "Polished Granite",
		"polished_diorite": "Polished Diorite",
		"polished_andesite": "Polished Andesite",
		"granite": "Granite",
		"diorite": "Diorite",
		"andesite": "Andesite",
		"end_stone_brick": "End Stone Brick"
	},
	"minecraft:dark_prismarine_stairs": {
		"default": "Dark Prismarine Stairs"
	},
	"minecraft:waxed_cut_copper_slab": {
		"default": "Waxed Cut Copper Slab"
	},
	"minecraft:waxed_exposed_cut_copper_slab": {
		"default": "Waxed Exposed Cut Copper Slab"
	},
	"minecraft:waxed_weathered_cut_copper_slab": {
		"default": "Waxed Weathered Cut Copper Slab"
	},
	"minecraft:waxed_oxidized_cut_copper_slab": {
		"default": "Waxed Oxidized Cut Copper Slab"
	},
	"minecraft:double_stone_block_slab4": {
		"smooth_quartz": "Smooth Quartz",
		"cut_sandstone": "Cut Sandstone",
		"cut_red_sandstone": "Cut Red Sandstone",
		"stone": "Stone",
		"mossy_stone_brick": "Mossy Stone Bricks"
	},
	"minecraft:waxed_double_cut_copper_slab": {
		"default": "Waxed Cut Copper"
	},
	"minecraft:waxed_exposed_double_cut_copper_slab": {
		"default": "Waxed Exposed Cut Copper"
	},
	"minecraft:waxed_weathered_double_cut_copper_slab": {
		"default": "Waxed Weathered Cut Copper"
	},
	"minecraft:waxed_oxidized_double_cut_copper_slab": {
		"default": "Waxed Oxidized Cut Copper"
	},
	"minecraft:gravel": {
		"default": "Gravel"
	},
	"minecraft:mud": {
		"default": "Mud"
	},
	"minecraft:stone_block_slab": {
		"quartz": "Quartz Slab",
		"sandstone": "Sandstone Slab",
		"cobblestone": "Cobblestone Slab",
		"stone_brick": "Stonebrick Slab",
		"brick": "Brick Slab",
		"nether_brick": "Nether Brick Slab",
		"smooth_stone": "Smooth Stone Slab"
	},
	"minecraft:mycelium": {
		"default": "Mycelium"
	},
	"minecraft:cut_copper_slab": {
		"default": "Cut Copper Slab"
	},
	"minecraft:exposed_cut_copper_slab": {
		"default": "Exposed Cut Copper Slab"
	},
	"minecraft:weathered_cut_copper_slab": {
		"default": "Weathered Cut Copper Slab"
	},
	"minecraft:oxidized_cut_copper_slab": {
		"default": "Oxidized Cut Copper Slab"
	},
	"minecraft:double_stone_block_slab": {
		"quartz": "Quartz Block",
		"sandstone": "Sandstone",
		"cobblestone": "Cobblestone",
		"stone_brick": "Stone Brick",
		"brick": "Brick",
		"nether_brick": "Nether Brick",
		"smooth_stone": "Smooth Stone Double Slab"
	},
	"minecraft:podzol": {
		"default": "Podzol"
	},
	"minecraft:double_cut_copper_slab": {
		"default": "Cut Copper Block"
	},
	"minecraft:exposed_double_cut_copper_slab": {
		"default": "Exposed Cut Copper Block"
	},
	"minecraft:weathered_double_cut_copper_slab": {
		"default": "Weathered Cut Copper Block"
	},
	"minecraft:oxidized_double_cut_copper_slab": {
		"default": "Oxidized Cut Copper Block"
	},
	"minecraft:dripstone_block": {
		"default": "Dripstone Block"
	},
	"minecraft:grass_path": {
		"default": "Dirt Path"
	},
	"minecraft:moss_carpet": {
		"default": "Moss Carpet"
	},
	"minecraft:farmland": {
		"default": "Farmland"
	},
	"minecraft:smooth_quartz_stairs": {
		"default": "Smooth Quartz Stairs"
	},
	"minecraft:moss_block": {
		"default": "Moss Block"
	},
	"minecraft:dirt": {
		"default": "Dirt"
	},
	"minecraft:nether_brick_fence": {
		"default": "Nether Brick Fence"
	},
	"minecraft:prismarine_bricks_stairs": {
		"default": "Prismarine Brick Stairs"
	},
	"minecraft:waxed_cut_copper_stairs": {
		"default": "Waxed Cut Copper Stairs"
	},
	"minecraft:waxed_exposed_cut_copper_stairs": {
		"default": "Waxed Exposed Cut Copper Stairs"
	},
	"minecraft:waxed_weathered_cut_copper_stairs": {
		"default": "Waxed Weathered Cut Copper Stairs"
	},
	"minecraft:waxed_oxidized_cut_copper_stairs": {
		"default": "Waxed Oxidized Cut Copper Stairs"
	},
	"minecraft:snow_layer": {
		"default": "Snow Layers"
	},
	"minecraft:purpur_block": {
		"lines": "Purpur Pillar",
		"default": "Purpur Block"
	},
	"minecraft:granite_stairs": {
		"default": "Granite Stairs"
	},
	"minecraft:polished_diorite_stairs": {
		"default": "Polished Diorite Stairs"
	},
	"minecraft:polished_andesite_stairs": {
		"default": "Polished Andesite Stairs"
	},
	"minecraft:smooth_sandstone_stairs": {
		"default": "Smooth Sandstone Stairs"
	},
	"minecraft:smooth_red_sandstone_stairs": {
		"default": "Smooth Red Sandstone Stairs"
	},
	"minecraft:monster_egg": {
		"default": "Infested Stone"
	},
	"minecraft:soul_sand": {
		"default": "Soul Sand"
	},
	"minecraft:soul_soil": {
		"default": "Soul Soil"
	},
	"minecraft:chiseled_nether_bricks": {
		"default": "Chiseled Nether Brick"
	},
	"minecraft:end_portal_frame": {
		"default": "End Portal Frame"
	},
	"minecraft:infested_deepslate": {
		"default": "Infested Deepslate"
	},
	"minecraft:polished_blackstone_slab": {
		"default": "Polished Blackstone Slab"
	},
	"minecraft:cobbled_deepslate_slab": {
		"default": "Cobbled Deepslate Slab"
	},
	"minecraft:deepslate_tile_slab": {
		"default": "Tiled Deepslate Slab"
	},
	"minecraft:polished_deepslate_slab": {
		"default": "Polished Deepslate Slab"
	},
	"minecraft:deepslate_brick_slab": {
		"default": "Deepslate Brick Slab"
	},
	"minecraft:mud_brick_slab": {
		"default": "Mud Brick Slab"
	},
	"minecraft:polished_blackstone_double_slab": {
		"default": "Polished Blackstone"
	},
	"minecraft:cobbled_deepslate_double_slab": {
		"default": "Cobbled Deepslate"
	},
	"minecraft:deepslate_tile_double_slab": {
		"default": "Tiled Deepslate"
	},
	"minecraft:polished_deepslate_double_slab": {
		"default": "Polished Deepslate"
	},
	"minecraft:deepslate_brick_double_slab": {
		"default": "Deepslate Bricks"
	},
	"minecraft:mud_brick_double_slab": {
		"default": "Mud Bricks"
	},
	"minecraft:quartz_stairs": {
		"default": "Quartz Stairs"
	},
	"minecraft:snow": {
		"default": "Snow Block"
	},
	"minecraft:prismarine_stairs": {
		"default": "Prismarine Stairs"
	},
	"minecraft:cut_copper_stairs": {
		"default": "Cut Copper Stairs"
	},
	"minecraft:exposed_cut_copper_stairs": {
		"default": "Exposed Cut Copper Stairs"
	},
	"minecraft:weathered_cut_copper_stairs": {
		"default": "Weathered Cut Copper Stairs"
	},
	"minecraft:oxidized_cut_copper_stairs": {
		"default": "Oxidized Cut Copper Stairs"
	},
	"minecraft:ice": {
		"default": "Ice"
	},
	"minecraft:stone_stairs": {
		"default": "Cobblestone Stairs"
	},
	"minecraft:mossy_cobblestone_stairs": {
		"default": "Mossy Cobblestone Stairs"
	},
	"minecraft:polished_granite_stairs": {
		"default": "Polished Granite Stairs"
	},
	"minecraft:diorite_stairs": {
		"default": "Diorite Stairs"
	},
	"minecraft:andesite_stairs": {
		"default": "Andesite Stairs"
	},
	"minecraft:sandstone_stairs": {
		"default": "Sandstone Stairs"
	},
	"minecraft:red_sandstone_stairs": {
		"default": "Red Sandstone Stairs"
	},
	"minecraft:stone_brick_stairs": {
		"default": "Stone Brick Stairs"
	},
	"minecraft:brick_stairs": {
		"default": "Brick Stairs"
	},
	"minecraft:nether_brick_stairs": {
		"default": "Nether Brick Stairs"
	},
	"minecraft:red_nether_brick_stairs": {
		"default": "Red Nether Brick Stairs"
	},
	"minecraft:end_brick_stairs": {
		"default": "End Brick Stairs"
	},
	"minecraft:polished_blackstone_stairs": {
		"default": "Polished Blackstone Stairs"
	},
	"minecraft:polished_blackstone_brick_stairs": {
		"default": "Polished Blackstone Brick Stairs"
	},
	"minecraft:cobbled_deepslate_stairs": {
		"default": "Cobbled Deepslate Stairs"
	},
	"minecraft:deepslate_tile_stairs": {
		"default": "Tiled Deepslate Stairs"
	},
	"minecraft:polished_deepslate_stairs": {
		"default": "Polished Deepslate Stairs"
	},
	"minecraft:deepslate_brick_stairs": {
		"default": "Deepslate Brick Stairs"
	},
	"minecraft:mud_brick_stairs": {
		"default": "Mud Brick Stairs"
	},
	"minecraft:normal_stone_stairs": {
		"default": "Stone Stairs"
	},
	"minecraft:blue_ice": {
		"default": "Blue Ice"
	},
	"minecraft:packed_ice": {
		"default": "Packed Ice"
	},
	"minecraft:mossy_stone_brick_stairs": {
		"default": "Mossy Stone Brick Stairs"
	},
	"minecraft:purpur_stairs": {
		"default": "Purpur Stairs"
	},
	"minecraft:calcite": {
		"default": "Calcite"
	},
	"minecraft:tuff": {
		"default": "Tuff"
	},
	"minecraft:sponge": {
		"default": "Sponge"
	},
	"minecraft:blackstone_slab": {
		"default": "Blackstone Slab"
	},
	"minecraft:blackstone_double_slab": {
		"default": "Blackstone"
	},
	"minecraft:quartz_block": {
		"smooth": "Smooth Quartz Block",
		"chiseled": "Chiseled Quartz Block",
		"default": "Quartz Block"
	},
	"minecraft:reinforced_deepslate": {
		"default": "Reinforced Deepslate"
	},
	"minecraft:netherrack": {
		"default": "Netherrack"
	},
	"minecraft:prismarine": {
		"dark": "Dark Prismarine",
		"bricks": "Prismarine Bricks",
		"default": "Prismarine"
	},
	"minecraft:cut_copper": {
		"default": "Cut Copper"
	},
	"minecraft:waxed_exposed_cut_copper": {
		"default": "Waxed Exposed Cut Copper"
	},
	"minecraft:waxed_weathered_cut_copper": {
		"default": "Waxed Weathered Cut Copper"
	},
	"minecraft:waxed_oxidized_cut_copper": {
		"default": "Waxed Oxidized Cut Copper"
	},
	"minecraft:magma": {
		"default": "Magma"
	},
	"minecraft:stone": {
		"granite_smooth": "Polished Granite",
		"diorite_smooth": "Polished Diorite",
		"andesite_smooth": "Polished Andesite",
		"stone": "Stone",
		"granite": "Granite",
		"diorite": "Diorite",
		"andesite": "Andesite",
		"default": "Stone"
	},
	"minecraft:cracked_nether_bricks": {
		"default": "Cracked Nether Bricks"
	},
	"minecraft:end_bricks": {
		"default": "End Stone Bricks"
	},
	"minecraft:chiseled_polished_blackstone": {
		"default": "Chiseled Polished Blackstone"
	},
	"minecraft:cracked_deepslate_tiles": {
		"default": "Cracked Deepslate Tiles"
	},
	"minecraft:cracked_deepslate_bricks": {
		"default": "Cracked Deepslate Bricks"
	},
	"minecraft:mud_bricks": {
		"default": "Mud Bricks"
	},
	"minecraft:waxed_cut_copper": {
		"default": "Waxed Cut Copper"
	},
	"minecraft:exposed_cut_copper": {
		"default": "Exposed Cut Copper"
	},
	"minecraft:weathered_cut_copper": {
		"default": "Weathered Cut Copper"
	},
	"minecraft:oxidized_cut_copper": {
		"default": "Oxidized Cut Copper"
	},
	"minecraft:sculk_catalyst": {
		"default": "Sculk Catalyst"
	},
	"minecraft:bedrock": {
		"default": "Bedrock"
	},
	"minecraft:mob_spawner": {
		"default": "Mob Spawner"
	},
	"minecraft:cobblestone": {
		"default": "Cobblestone"
	},
	"minecraft:mossy_cobblestone": {
		"default": "Mossy Cobblestone"
	},
	"minecraft:stonebrick": {
		"default": "Stone Brick",
		"mossy": "Mossy Stone Brick"
	},
	"minecraft:brick_block": {
		"default": "Brick"
	},
	"minecraft:nether_brick": {
		"default": "Nether Brick"
	},
	"minecraft:red_nether_brick": {
		"default": "Red Nether Brick"
	},
	"minecraft:end_stone": {
		"default": "End Stone"
	},
	"minecraft:blackstone": {
		"default": "Blackstone"
	},
	"minecraft:polished_blackstone": {
		"default": "Polished Blackstone"
	},
	"minecraft:polished_blackstone_bricks": {
		"default": "Blackstone Brick"
	},
	"minecraft:cobbled_deepslate": {
		"default": "Cobbled Deepslate"
	},
	"minecraft:deepslate_tiles": {
		"default": "Deepslate Tiles"
	},
	"minecraft:polished_deepslate": {
		"default": "Polished Deepslate"
	},
	"minecraft:deepslate_bricks": {
		"default": "Deepslate Bricks"
	},
	"minecraft:packed_mud": {
		"default": "Packed Mud"
	},
	"minecraft:copper_block": {
		"default": "Copper Block"
	},
	"minecraft:waxed_exposed_copper": {
		"default": "Waxed Exposed Copper Block"
	},
	"minecraft:waxed_weathered_copper": {
		"default": "Waxed Weathered Copper Block"
	},
	"minecraft:waxed_oxidized_copper": {
		"default": "Waxed Oxidized Copper Block"
	},
	"minecraft:sculk_shrieker": {
		"default": "Sculk Shrieker"
	},
	"minecraft:crying_obsidian": {
		"default": "Crying Obsidian"
	},
	"minecraft:dragon_egg": {
		"default": "Dragon Egg"
	},
	"minecraft:cobblestone_wall": {
		"cobblestone": "Cobblestone Wall",
		"mossy_cobblestone": "Mossy Cobblestone Wall",
		"granite": "Granite Wall",
		"diorite": "Diorite Wall",
		"andesite": "Andesite Wall",
		"sandstone": "Sandstone Wall",
		"red_sandstone": "Red Sandstone Wall",
		"stone_brick": "Stone Brick Wall",
		"brick": "Brick Wall",
		"nether_brick": "Nether Brick Wall",
		"red_nether_brick": "Red Nether Brick Wall",
		"end_brick": "End Brick Wall",
		"prismarine": "Prismarine Wall",
		"mossy_stone_brick": "Mossy Stone Brick"
	},
	"minecraft:blackstone_wall": {
		"default": "Blackstone Wall"
	},
	"minecraft:polished_blackstone_wall": {
		"default": "Polished Blackstone Wall"
	},
	"minecraft:polished_blackstone_brick_wall": {
		"default": "Blackstone Brick Wall"
	},
	"minecraft:cobbled_deepslate_wall": {
		"default": "Cobbled Deepslate Wall"
	},
	"minecraft:deepslate_tile_wall": {
		"default": "Tiled Deepslate Wall"
	},
	"minecraft:polished_deepslate_wall": {
		"default": "Polished Deepslate wall"
	},
	"minecraft:deepslate_brick_wall": {
		"default": "Deepslate Brick Wall"
	},
	"minecraft:mud_brick_wall": {
		"default": "Mud Brick Wall"
	},
	"minecraft:exposed_copper": {
		"default": "Exposed Copper"
	},
	"minecraft:weathered_copper": {
		"default": "Weathered Copper"
	},
	"minecraft:oxidized_copper": {
		"default": "Oxidized Copper"
	},
	"minecraft:quartz_bricks": {
		"default": "Quartz Bricks"
	},
	"minecraft:sculk": {
		"default": "Sculk"
	},
	"minecraft:obsidian": {
		"default": "Obsidian"
	},
	"minecraft:web": {
		"default": "Cobweb"
	},
	"minecraft:stained_glass": {
		"default": "Stained Glass",
		"white": "White Stained Glass",
		"gray:": "Gray Stained Glass",
		"silver": "Light Gray Stained Glass",
		"black:": "Black Stained Glass",
		"brown:": "Brown Stained Glass",
		"Red:": "Red Stained Glass",
		"orange:": "Orange Stained Glass",
		"yellow:": "Yellow Stained Glass",
		"lime:": "Lime Stained Glass",
		"green:": "Green Stained Glass",
		"cyan:": "Cyan Stained Glass",
		"light_blue:": "Light Blue Stained Glass",
		"blue:": "Blue Stained Glass",
		"purple:": "Purple Stained Glass",
		"magenta:": "Magenta Stained Glass",
		"pink:": "Pink Stained Glass"
	},
	"minecraft:white_stained_glass": {
		"default": "White Stained Glass"
	},
	"minecraft:light_gray_stained_glass": {
		"default": "Light Gray Stained Glass"
	},
	"minecraft:gray_stained_glass": {
		"default": "Gray Stained Glass"
	},
	"minecraft:black_stained_glass": {
		"default": "Black Stained Glass"
	},
	"minecraft:brown_stained_glass": {
		"default": "Brown Stained Glass"
	},
	"minecraft:red_stained_glass": {
		"default": "Red Stained Glass"
	},
	"minecraft:orange_stained_glass": {
		"default": "Orange Stained Glass"
	},
	"minecraft:yellow_stained_glass": {
		"default": "Yellow Stained Glass"
	},
	"minecraft:lime_stained_glass": {
		"default": "Lime Stained Glass"
	},
	"minecraft:green_stained_glass": {
		"default": "Green Stained Glass"
	},
	"minecraft:cyan_stained_glass": {
		"default": "Cyan Stained Glass"
	},
	"minecraft:light_blue_stained_glass": {
		"default": "Light Blue Stained Glass"
	},
	"minecraft:blue_stained_glass": {
		"default": "Blue Stained Glass"
	},
	"minecraft:purple_stained_glass": {
		"default": "Purple Stained Glass"
	},
	"minecraft:magenta_stained_glass": {
		"default": "Magenta Stained Glass"
	},
	"minecraft:pink_stained_glass": {
		"default": "Pink Stained Glass"
	},
	"minecraft:stained_glass_pane": {
		"default": "Stained Glass Pane",
		"white": "White Stained Glass Pane",
		"gray:": "Gray Stained Glass Pane",
		"silver": "Light Gray Stained Glass Pane",
		"black:": "Black Stained Glass Pane",
		"brown:": "Brown Stained Glass Pane",
		"Red:": "Red Stained Glass Pane",
		"orange:": "Orange Stained Glass Pane",
		"yellow:": "Yellow Stained Glass Pane",
		"lime:": "Lime Stained Glass Pane",
		"green:": "Green Stained Glass Pane",
		"cyan:": "Cyan Stained Glass Pane",
		"light_blue:": "Light Blue Stained Glass Pane",
		"blue:": "Blue Stained Glass Pane",
		"purple:": "Purple Stained Glass Pane",
		"magenta:": "Magenta Stained Glass Pane",
		"pink:": "Pink Stained Glass Pane"
	},
	"minecraft:white_stained_glass_pane": {
		"default": "White Stained Glass Pane"
	},
	"minecraft:light_gray_stained_glass_pane": {
		"default": "Light Gray Stained Glass Pane"
	},
	"minecraft:gray_stained_glass_pane": {
		"default": "Gray Stained Glass Pane"
	},
	"minecraft:black_stained_glass_pane": {
		"default": "Black Stained Glass Pane"
	},
	"minecraft:brown_stained_glass_pane": {
		"default": "Brown Stained Glass Pane"
	},
	"minecraft:red_stained_glass_pane": {
		"default": "Red Stained Glass Pane"
	},
	"minecraft:orange_stained_glass_pane": {
		"default": "Orange Stained Glass Pane"
	},
	"minecraft:yellow_stained_glass_pane": {
		"default": "Yellow Stained Glass Pane"
	},
	"minecraft:lime_stained_glass_pane": {
		"default": "Lime Stained Glass Pane"
	},
	"minecraft:green_stained_glass_pane": {
		"default": "Green Stained Glass Pane"
	},
	"minecraft:cyan_stained_glass_pane": {
		"default": "Cyan Stained Glass Pane"
	},
	"minecraft:light_blue_stained_glass_pane": {
		"default": "Light Blue Stained Glass Pane"
	},
	"minecraft:blue_stained_glass_pane": {
		"default": "Blue Stained Glass Pane"
	},
	"minecraft:purple_stained_glass_pane": {
		"default": "Purple Stained Glass Pane"
	},
	"minecraft:magenta_stained_glass_pane": {
		"default": "Magenta Stained Glass Pane"
	},
	"minecraft:pink_stained_glass_pane": {
		"default": "Pink Stained Glass Pane"
	},
	"minecraft:redstone_wire": {
		"default": "Redstone Dust"
	},
	"minecraft:twisting_vines": {
		"default": "Twisting Vines"
	},
	"minecraft:cave_vines": {
		"default": "Glow Berries"
	},
	"minecraft:cave_vines_head_with_berries": {
		"default": "Glow Berries"
	},
	"minecraft:small_dripleaf_block": {
		"default": "Small Dripleaf"
	},
	"minecraft:deadbush": {
		"default": "Dead Bush"
	},
	"minecraft:dirt_with_roots": {
		"default": "Rooted Dirt"
	},
	"minecraft:polished_blackstone_brick_slab": {
		"default": "Polished Blackstone Brick Slab"
	},
	"minecraft:polished_blackstone_brick_double_slab": {
		"default": "Polished Blackstone Brick"
	},
	"minecraft:polished_basalt": {
		"default": "Polished Basalt"
	},
	"minecraft:basalt": {
		"default": "Basalt"
	},
	"minecraft:chiseled_deepslate": {
		"default": "Chiseled Deepslate"
	},
	"minecraft:smooth_basalt": {
		"default": "Smooth Basalt"
	},
	"minecraft:sniffer_egg": {
		"default": "Sniffer Egg"
	},
	"minecraft:waterlily": {
		"default": "Waterlily"
	},
	"minecraft:pitcher_crop": {
		"default": "Pincher Plant"
	},
	"minecraft:torchflower": {
		"default": "Torchflower"
	},
	"minecraft:scaffolding":{
		"default": "Scaffolding"
	},
	"minecraft:standing_banner":{
		"default": "Banner"
	},
	"minecraft:bamboo_fence":{
		"default": "Bamboo Fence"
	},
	"minecraft:cherry_fence":{
		"default": "Cherry Fence"
	},
	"minecraft:cherry_trapdoor":{
		"default": "Cherry Trapdoor"
	},
	"minecraft:bamboo_trapdoor":{
		"default": "Bamboo Trapdoor"
	},
	"minecraft:bamboo_standing_sign":{
		"default": "Bamboo Sign"
	},
	"minecraft:cherry_standing_sign":{
		"default": "Cherry Sign"
	},
	"minecraft:cherry_button":{
		"default": "Cherry Button"
	},
	"minecraft:bamboo_button":{
		"default": "Bamboo Button"
	},
	"minecraft:bamboo_block":{
		"default": "Bamboo Block"
	},
	"minecraft:bamboo_mosaic_stairs":{
		"default": "Bamboo Mosaic Stairs"
	},
	"minecraft:cherry_stairs":{
		"default": "Cherry Stairs"
	},
	"minecraft:calibrated_sculk_sensor":{
		"default": "Calibrated Sculk Sensor"
	},
	"minecraft:stripped_bamboo_block":{
		"default": "Stripped Bamboo Block"
	},
	"minecraft:stripped_cherry_log":{
		"default": "Stripped Cherry Log"
	},
	"minecraft:cherry_fence_gate":{
		"default": "Cherry Fence Gates"
	},
	"minecraft:bamboo_stairs":{
		"default": "Bamboo Stairs"
	},
	"minecraft:light_gray_shulker_box":{
		"default": "Light Gray Shulker Box"
	},
	"minecraft:pink_petals":{
		"default": "Pink Petals"
	},
	"minecraft:cherry_pressure_plate":{
		"default": "Cherry Pressure Plate"
	},
	"minecraft:fire_coral":{
		"default": "Fire Coral"
	},
	"minecraft:blue_carpet":{
		"default": "Blue Carpet"
	},
	"minecraft:horn_coral":{
		"default": "Horn Coral"
	},
	"minecraft:bamboo_pressure_plate":{
		"default": "Bamboo Pressure Plate"
	},
	"minecraft:dead_tube_coral":{
		"default": "Dead Tube Coral"
	},
	"minecraft:dried_kelp_block":{
		"default": "Dried Kelp Block"
	},
	"minecraft:red_carpet":{
		"default": "Red Carpet"
	},
	"minecraft:glass":{
		"default": "Glass"
	},
	"minecraft:cyan_carpet":{
		"default": "Cyan Carpet"
	},
	"minecraft:purple_carpet":{
		"default": "Purple Carpet"
	},
	"minecraft:jungle_planks":{
		"default": "Jungle Planks"
	},
	"minecraft:light_gray_concrete":{
		"default": "Light Gray Concrete"
	},
	"minecraft:yellow_carpet":{
		"default": "Yellow Carpet"
	},
	"minecraft:azalea_leaves":{
		"default": "Azalea Leaves"
	},
	"minecraft:spruce_planks":{
		"default": "Spruce Planks"
	},
	"minecraft:birch_planks":{
		"default": "Birch Planks"
	},
	"minecraft:acacia_planks":{
		"default": "Acacia Planks"
	},
	"minecraft:orange_carpet":{
		"default": "Orange Carpet"
	},
	"minecraft:brain_coral":{
		"default": "Brain Coral"
	},
	"minecraft:cherry_leaves":{
		"default": "Cherry Leaves"
	},
	"minecraft:dead_horn_coral":{
		"default": "Dead Horn Coral"
	},
	"minecraft:bamboo_double_slab":{
		"default": "Bamboo Double Slab"
	},
	"minecraft:cherry_double_slab":{
		"default": "Cherry Double Slab"
	},
	"minecraft:dark_oak_planks":{
		"default": "Dark Oak Planks"
	},
	"minecraft:pitcher_plant":{
		"default": "Pincher Plant"
	},
	"minecraft:crimson_door":{
		"default": "Crimson Door"
	},
	"minecraft:jungle_door":{
		"default": "Jungle Door"
	},
	"minecraft:spruce_door":{
		"default": "Spruce Door"
	},
	"minecraft:mangrove_door":{
		"default": "Mangrove Door"
	},
	"minecraft:double_plant":{
		"default": "Double Plant"
	},
	"minecraft:moving_block":{
		"default": "Ignore"
	},
	"minecraft:stickyPistonArmCollision":{
		"default": "Ignore"
	},
	"minecraft:warped_door":{
		"default": "Warped Door"
	},
	"minecraft:birch_door":{
		"default": "Birch Door"
	},
	"minecraft:cherry_door":{
		"default": "Cherry Door"
	},
	"minecraft:iron_door":{
		"default": "Iron Door"
	},
	"minecraft:acacia_door":{
		"default": "Acacia Door"
	},
	"minecraft:dark_oak_door":{
		"default": "Dark Oak Door"
	},
	"minecraft:wooden_door":{
		"default": "Oak Door"
	},
	"minecraft:bamboo_door":{
		"default": "Bamboo Door"
	},
	"minecraft:cherry_sapling":{
		"default": "Cherry Sapling"
	},
	"minecraft:dead_fire_coral":{
		"default": "Dead Fire Coral"
	},
	"minecraft:light_gray_terracotta":{
		"default": "Light Gray Terracotta"
	},
	"minecraft:bamboo_mosaic":{
		"default": "Bamboo Mosaic"
	},
	"minecraft:tinted_glass":{
		"default": "Tinted Glass"
	},
	"minecraft:azalea_leaves_flowered":{
		"default": "Flowering Azalea Leaves"
	},
	"minecraft:cherry_planks":{
		"default": "Cherry Planks"
	},
	"minecraft:glass_pane":{
		"default": "Glass Pane"
	},
	"minecraft:brown_carpet":{
		"default": "Brown Carpet"
	},
	"minecraft:green_carpet":{
		"default": "Green Carpet"
	},
	"minecraft:light_gray_carpet":{
		"default": "Light Gray Carpet"
	},
	"minecraft:bamboo_planks":{
		"default": "Bamboo Planks"
	},
	"minecraft:decorated_pot":{
		"default": "Decorated Pot"
	},
	"minecraft:light_blue_carpet":{
		"default": "Light Blue Carpet"
	},
	"minecraft:soul_fire":{
		"default": "Fire"
	},
	"minecraft:tube_coral":{
		"default": "Tube Coral"
	},
	"minecraft:lime_carpet":{
		"default": "Lime Carpet"
	},
	"minecraft:light_gray_concrete_powder":{
		"default": "Light Gray Concrete Powder"
	},
	"minecraft:magenta_carpet":{
		"default": "Magenta Carpet"
	},
	"minecraft:white_carpet":{
		"default": "White Carpet"
	},
	"minecraft:bubble_coral":{
		"default": "Bubble Coral"
	},
	"minecraft:dead_bubble_coral":{
		"default": "Dead Bubble Coral"
	},
	"minecraft:oak_planks":{
		"default": "Oak Planks"
	},
	"minecraft:black_carpet":{
		"default": "Black Carpet"
	},
	"minecraft:allow":{
		"default": "Allow"
	},
	"minecraft:dead_brain_coral":{
		"default": "Dead Brain Coral"
	},
	"minecraft:fire":{
		"default": "Fire"
	},
	"minecraft:stripped_warped_hyphae":{
		"default": "Stripped Warped Hyphae"
	},
	"minecraft:cherry_wood":{
		"default": "Cherry Wood"
	},
	"minecraft:pink_carpet":{
		"default": "Pink Carpet"
	},
	"minecraft:bamboo_slab":{
		"default": "Bamboo Slab"
	},
	"minecraft:cherry_slab":{
		"default": "Cherry Slab"
	},
	"minecraft:stripped_crimson_hyphae":{
		"default": "Stripped Crimson Hyphae"
	},
	"minecraft:chiseled_bookshelf":{
		"default": "Chiseled Bookshelf"
	},
	"minecraft:bamboo_wall_sign":{
		"default": "Bamboo Hanging Sign"
	},
	"minecraft:cherry_wall_sign":{
		"default": "Cherry Hanging Sign"
	},
	"minecraft:brewing_stand":{
		"default": "Brewing Stand"
	},
	"minecraft:cherry_hanging_sign":{
		"default": "Cherry Hanging Sign"
	},
	"minecraft:warped_hanging_sign":{
		"default": "Warped Hanging Sign"
	},
	"minecraft:mangrove_hanging_sign":{
		"default": "Mangrove Hanging Sign"
	},
	"minecraft:jungle_hanging_sign":{
		"default": "Jungle Hanging Sign"
	},
	"minecraft:spruce_hanging_sign":{
		"default": "Spruce Hanging Sign"
	},
	"minecraft:crimson_hanging_sign":{
		"default": "Crimson Hanging Sign"
	},
	"minecraft:oak_hanging_sign":{
		"default": "Oak Hanging Sign"
	},
	"minecraft:jigsaw":{
		"default": "Jigsaw Block"
	},
	"minecraft:repeating_command_block":{
		"default": "Repeating Command Block"
	},
	"minecraft:chain_command_block":{
		"default": "Chain Command Block"
	},
	"minecraft:command_block":{
		"default": "Command Block"
	},
	"minecraft:birch_hanging_sign":{
		"default": "Birch Hanging Sign"
	},
	"minecraft:cherry_log":{
		"default": "Cherry Log"
	},
	"minecraft:dark_oak_hanging_sign":{
		"default": "Dark Oak Hanging Sign"
	},
	"minecraft:acacia_hanging_sign":{
		"default": "Acacia Hanging Sign"
	},
	"minecraft:torchflower_crop": {
		"default": "Torchflower"
	},
	"minecraft:smooth_stone": {
		"default": "Smooth Stone"
	},
	"minecraft:powder_snow": {
		"default": "Powdered Snow"
	},
	"minecraft:polished_granite": {
		"default": "Polished Granite"
	},
	"minecraft:polished_diorite": {
		"default": "Polished Diorite"
	},
	"minecraft:polished_andesite": {
		"default": "Polished Andesite"
	},
	"minecraft:suspicious_gravel": {
		"default": "Suspicious Gravel"
	},
	"minecraft:granite": {
		"default": "Granite"
	},
	"minecraft:diorite": {
		"default": "Diorite"
	},
	"minecraft:andesite": {
		"default": "Andesite"
	},
	"minecraft:suspicious_sand": {
		"default": "Suspicious Sand"
	}
}