{
	"minecraft:direction":"rot",
	"minecraft:facing_direction":"rot",
	"minecraft:cardinal_direction":"rot",
	"huge_mushroom_bits":"data",
	"wall_block_type":"variant",
	"direction":"rot",
	"head_piece_bit":"data",
	"old_log_type":"variant",
	"new_log_type":"variant",
	"stone_type":"variant",
	"prismarine_block_type":"variant",
	"stone_brick_type":"variant",
	"color":"variant",
	"sand_stone_type":"variant",
	"stone_slab_type":"variant",
	"stone_slab_type_2":"variant",
	"stone_slab_type_3":"variant",
	"stone_slab_type_4":"variant",
	"flower_type":"variant",
	"chisel_type":"variant",
	"facing_direction":"rot",
	"facing_block":"rot",
	"torch_facing_direction":"rot",
	"weirdo_direction":"rot",
	"upside_down_bit":"top",
	"top_slot_bit":"top",
	"minecraft:vertical_half":"rot",
	"open_bit":"open_bit",
	"repeater_delay":"data",
	"output_subtract_bit":"data",
	"candles":"data",
	"ground_sign_direction":"rot",
	"upper_block_bit":"top",
	"bite_counter":"data",
	"cluster_count":"data",
	"pillar_axis":"rot",
	"lever_direction":"rot",
	"rail_direction":"rot",
	"vine_direction_bits":"rot",
	"height":"data",
	"hanging": "data",
	"multi_face_direction_bits":"data"
}
