{
   "biomes" : {
      "bamboo_jungle" : {
         "fog_identifier" : "minecraft:fog_bamboo_jungle",
         "water_fog_color" : "#14A2C5",
         "water_surface_color" : "#14A2C5"
      },
      "bamboo_jungle_hills" : {
         "fog_identifier" : "minecraft:fog_bamboo_jungle_hills",
         "water_fog_color" : "#1B9ED8",
         "water_surface_color" : "#1B9ED8"
      },
      "basalt_deltas" : {
         "fog_color" : "#685f70",
         "fog_identifier" : "minecraft:fog_basalt_deltas",
         "water_fog_color" : "#423e42",
         "water_surface_color" : "#3f76e4"
      },
      "beach" : {
         "fog_identifier" : "minecraft:fog_beach",
         "water_fog_color" : "#157cab",
         "water_fog_distance" : 60,
         "water_surface_color" : "#157cab"
      },
      "birch_forest" : {
         "fog_identifier" : "minecraft:fog_birch_forest",
         "water_fog_color" : "#0677ce",
         "water_surface_color" : "#0677ce"
      },
      "birch_forest_hills" : {
         "fog_identifier" : "minecraft:fog_birch_forest_hills",
         "water_fog_color" : "#0a74c4",
         "water_surface_color" : "#0a74c4"
      },
      "cold_beach" : {
         "fog_identifier" : "minecraft:fog_cold_beach",
         "water_fog_color" : "#1463a5",
         "water_fog_distance" : 50,
         "water_surface_color" : "#1463a5"
      },
      "cold_ocean" : {
         "fog_identifier" : "minecraft:fog_cold_ocean",
         "water_fog_color" : "#14559b",
         "water_fog_distance" : 60,
         "water_surface_color" : "#2080C9"
      },
      "cold_taiga" : {
         "fog_identifier" : "minecraft:fog_cold_taiga",
         "water_fog_color" : "#205e83",
         "water_surface_color" : "#205e83"
      },
      "cold_taiga_hills" : {
         "fog_identifier" : "minecraft:fog_cold_taiga_hills",
         "water_fog_color" : "#245b78",
         "water_surface_color" : "#245b78"
      },
      "cold_taiga_mutated" : {
         "fog_identifier" : "minecraft:fog_cold_taiga_mutated",
         "water_fog_color" : "#205e83",
         "water_surface_color" : "#205e83"
      },
      "crimson_forest" : {
         "fog_color" : "#330303",
         "fog_identifier" : "minecraft:fog_crimson_forest",
         "water_fog_color" : "#905957",
         "water_surface_color" : "#905957"
      },
      "deep_cold_ocean" : {
         "fog_identifier" : "minecraft:fog_deep_cold_ocean",
         "water_fog_color" : "#185390",
         "water_fog_distance" : 60,
         "water_surface_color" : "#2080C9"
      },
      "deep_frozen_ocean" : {
         "fog_identifier" : "minecraft:fog_deep_frozen_ocean",
         "water_fog_color" : "#1a4879",
         "water_fog_distance" : 60,
         "water_surface_color" : "#2570B5"
      },
      "deep_lukewarm_ocean" : {
         "fog_identifier" : "minecraft:fog_deep_lukewarm_ocean",
         "water_fog_color" : "#0e72b9",
         "water_fog_distance" : 60,
         "water_surface_color" : "#0D96DB"
      },
      "deep_ocean" : {
         "fog_identifier" : "minecraft:fog_deep_ocean",
         "water_fog_color" : "#1463a5",
         "water_fog_distance" : 60,
         "water_surface_color" : "#1787D4"
      },
      "deep_warm_ocean" : {
         "fog_identifier" : "minecraft:fog_deep_warm_ocean",
         "water_fog_color" : "#0686ca",
         "water_fog_distance" : 60,
         "water_surface_color" : "#02B0E5"
      },
      "default" : {
         "fog_color" : "#ABD2FF",
         "fog_identifier" : "minecraft:fog_default",
         "water_fog_color" : "#44AFF5",
         "water_fog_distance" : 15,
         "water_surface_color" : "#44AFF5",
         "water_surface_transparency" : 0.650
      },
      "desert" : {
         "fog_identifier" : "minecraft:fog_desert",
         "water_fog_color" : "#32A598",
         "water_surface_color" : "#32A598"
      },
      "desert_hills" : {
         "fog_identifier" : "minecraft:fog_desert_hills",
         "water_fog_color" : "#1a7aa1",
         "water_surface_color" : "#1a7aa1"
      },
      "extreme_hills" : {
         "fog_identifier" : "minecraft:fog_extreme_hills",
         "water_fog_color" : "#007BF7",
         "water_surface_color" : "#007BF7"
      },
      "extreme_hills_edge" : {
         "fog_identifier" : "minecraft:fog_extreme_hills_edge",
         "water_fog_color" : "#045cd5",
         "water_surface_color" : "#045cd5"
      },
      "extreme_hills_mutated" : {
         "fog_identifier" : "minecraft:fog_extreme_hills_mutated",
         "water_fog_color" : "#0E63AB",
         "water_surface_color" : "#0E63AB"
      },
      "extreme_hills_plus_trees" : {
         "fog_identifier" : "minecraft:fog_extreme_hills_plus_trees",
         "water_fog_color" : "#0E63AB",
         "water_surface_color" : "#0E63AB"
      },
      "extreme_hills_plus_trees_mutated" : {
         "fog_identifier" : "minecraft:fog_extreme_hills_plus_trees_mutated",
         "water_fog_color" : "#0E63AB",
         "water_surface_color" : "#0E63AB"
      },
      "flower_forest" : {
         "fog_identifier" : "minecraft:fog_flower_forest",
         "water_fog_color" : "#20A3CC",
         "water_surface_color" : "#20A3CC"
      },
      "forest" : {
         "fog_identifier" : "minecraft:fog_forest",
         "water_fog_color" : "#1E97F2",
         "water_surface_color" : "#1E97F2"
      },
      "forest_hills" : {
         "fog_identifier" : "minecraft:fog_forest_hills",
         "water_fog_color" : "#056bd1",
         "water_surface_color" : "#056bd1"
      },
      "frozen_ocean" : {
         "fog_identifier" : "minecraft:fog_frozen_ocean",
         "water_fog_color" : "#174985",
         "water_fog_distance" : 60,
         "water_surface_color" : "#2570B5"
      },
      "frozen_river" : {
         "fog_identifier" : "minecraft:fog_frozen_river",
         "water_fog_color" : "#185390",
         "water_fog_distance" : 20,
         "water_surface_color" : "#185390"
      },
      "hell" : {
         "fog_color" : "#330808",
         "fog_identifier" : "minecraft:fog_hell",
         "water_fog_color" : "#905957",
         "water_surface_color" : "#905957"
      },
      "ice_mountains" : {
         "fog_identifier" : "minecraft:fog_ice_mountains",
         "water_fog_color" : "#1156a7",
         "water_surface_color" : "#1156a7"
      },
      "ice_plains" : {
         "fog_identifier" : "minecraft:fog_ice_plains",
         "water_fog_color" : "#14559b",
         "water_surface_color" : "#14559b"
      },
      "ice_plains_spikes" : {
         "fog_identifier" : "minecraft:fog_ice_plains_spikes",
         "water_fog_color" : "#14559b",
         "water_surface_color" : "#14559b"
      },
      "jungle" : {
         "fog_identifier" : "minecraft:fog_jungle",
         "water_fog_color" : "#14A2C5",
         "water_surface_color" : "#14A2C5"
      },
      "jungle_edge" : {
         "fog_identifier" : "minecraft:fog_jungle_edge",
         "water_fog_color" : "#0D8AE3",
         "water_surface_color" : "#0D8AE3"
      },
      "jungle_hills" : {
         "fog_identifier" : "minecraft:fog_jungle_hills",
         "water_fog_color" : "#1B9ED8",
         "water_surface_color" : "#1B9ED8"
      },
      "jungle_mutated" : {
         "fog_identifier" : "minecraft:fog_jungle_mutated",
         "water_fog_color" : "#1B9ED8",
         "water_surface_color" : "#1B9ED8"
      },
      "lukewarm_ocean" : {
         "fog_identifier" : "minecraft:fog_lukewarm_ocean",
         "water_fog_color" : "#0a74c4",
         "water_fog_distance" : 60,
         "water_surface_color" : "#0D96DB"
      },
      "mega_spruce_taiga" : {
         "fog_identifier" : "minecraft:fog_mega_spruce_taiga",
         "water_fog_color" : "#2d6d77",
         "water_surface_color" : "#2d6d77"
      },
      "mega_spruce_taiga_mutated" : {
         "fog_identifier" : "minecraft:fog_mega_spruce_taiga_mutated",
         "water_fog_color" : "#2d6d77",
         "water_surface_color" : "#2d6d77"
      },
      "mega_taiga" : {
         "fog_identifier" : "minecraft:fog_mega_taiga",
         "water_fog_color" : "#2d6d77",
         "water_surface_color" : "#2d6d77"
      },
      "mega_taiga_hills" : {
         "fog_identifier" : "minecraft:fog_mega_taiga_hills",
         "water_fog_color" : "#286378",
         "water_surface_color" : "#286378"
      },
      "mega_taiga_mutated" : {
         "fog_identifier" : "minecraft:fog_mega_taiga_mutated",
         "water_fog_color" : "#2d6d77",
         "water_surface_color" : "#2d6d77"
      },
      "mesa" : {
         "fog_identifier" : "minecraft:fog_mesa",
         "water_fog_color" : "#4E7F81",
         "water_surface_color" : "#4E7F81"
      },
      "mesa_bryce" : {
         "fog_identifier" : "minecraft:fog_mesa_bryce",
         "water_fog_color" : "#497F99",
         "water_surface_color" : "#497F99"
      },
      "mesa_mutated" : {
         "fog_identifier" : "minecraft:fog_mesa_mutated",
         "water_fog_color" : "#497F99",
         "water_surface_color" : "#497F99"
      },
      "mesa_plateau" : {
         "fog_identifier" : "minecraft:fog_mesa_plateau",
         "water_fog_color" : "#55809E",
         "water_surface_color" : "#55809E"
      },
      "mesa_plateau_stone" : {
         "fog_identifier" : "minecraft:fog_mesa_plateau_stone",
         "water_fog_color" : "#55809E",
         "water_surface_color" : "#55809E"
      },
      "mushroom_island" : {
         "fog_identifier" : "minecraft:fog_mushroom_island",
         "water_fog_color" : "#8a8997",
         "water_surface_color" : "#8a8997"
      },
      "mushroom_island_shore" : {
         "fog_identifier" : "minecraft:fog_mushroom_island_shore",
         "water_fog_color" : "#818193",
         "water_surface_color" : "#818193"
      },
      "ocean" : {
         "fog_identifier" : "minecraft:fog_ocean",
         "water_fog_color" : "#1165b0",
         "water_fog_distance" : 60,
         "water_surface_color" : "#1787D4"
      },
      "plains" : {
         "fog_identifier" : "minecraft:fog_plains",
         "water_fog_color" : "#44AFF5",
         "water_surface_color" : "#44AFF5"
      },
      "river" : {
         "fog_identifier" : "minecraft:fog_river",
         "water_fog_color" : "#0084FF",
         "water_fog_distance" : 30,
         "water_surface_color" : "#0084FF"
      },
      "roofed_forest" : {
         "fog_identifier" : "minecraft:fog_roofed_forest",
         "water_fog_color" : "#3B6CD1",
         "water_surface_color" : "#3B6CD1"
      },
      "savanna" : {
         "fog_identifier" : "minecraft:fog_savanna",
         "water_fog_color" : "#2C8B9C",
         "water_surface_color" : "#2C8B9C"
      },
      "savanna_mutated" : {
         "fog_identifier" : "minecraft:fog_savanna_mutated",
         "water_fog_color" : "#2590A8",
         "water_surface_color" : "#2590A8"
      },
      "savanna_plateau" : {
         "fog_identifier" : "minecraft:fog_savanna_plateau",
         "water_fog_color" : "#2590A8",
         "water_surface_color" : "#2590A8"
      },
      "soulsand_valley" : {
         "fog_color" : "#1B4745",
         "fog_identifier" : "minecraft:fog_soulsand_valley",
         "water_fog_color" : "#905957",
         "water_surface_color" : "#905957"
      },
      "stone_beach" : {
         "fog_identifier" : "minecraft:fog_stone_beach",
         "water_fog_color" : "#0d67bb",
         "water_surface_color" : "#0d67bb"
      },
      "sunflower_plains" : {
         "fog_identifier" : "minecraft:fog_sunflower_plains",
         "water_fog_color" : "#44AFF5",
         "water_surface_color" : "#44AFF5"
      },
      "swampland" : {
         "fog_identifier" : "minecraft:fog_swampland",
         "water_fog_color" : "#4c6559",
         "water_fog_distance" : 8,
         "water_surface_color" : "#4c6559",
         "water_surface_transparency" : 1.0
      },
      "swampland_mutated" : {
         "fog_identifier" : "minecraft:fog_swampland_mutated",
         "water_fog_color" : "#4c6156",
         "water_fog_distance" : 8,
         "water_surface_color" : "#4c6156",
         "water_surface_transparency" : 1.0
      },
      "taiga" : {
         "fog_identifier" : "minecraft:fog_taiga",
         "water_fog_color" : "#287082",
         "water_surface_color" : "#287082"
      },
      "taiga_hills" : {
         "fog_identifier" : "minecraft:fog_taiga_hills",
         "water_fog_color" : "#236583",
         "water_surface_color" : "#236583"
      },
      "taiga_mutated" : {
         "fog_identifier" : "minecraft:fog_taiga_mutated",
         "water_fog_color" : "#1E6B82",
         "water_surface_color" : "#1E6B82"
      },
      "the_end" : {
         "fog_color" : "#0B080C",
         "fog_identifier" : "minecraft:fog_the_end",
         "water_fog_color" : "#62529e",
         "water_surface_color" : "#62529e"
      },
      "warm_ocean" : {
         "fog_identifier" : "minecraft:fog_warm_ocean",
         "water_fog_color" : "#0289d5",
         "water_fog_distance" : 60,
         "water_surface_color" : "#02B0E5",
         "water_surface_transparency" : 0.550
      },
      "warped_forest" : {
         "fog_color" : "#1a051A",
         "fog_identifier" : "minecraft:fog_warped_forest",
         "water_fog_color" : "#905957",
         "water_surface_color" : "#905957"
      }
   }
}
