{
  "format_version": "1.8.0",
  "render_controllers": {
    "controller.render.npc": {
      "arrays": {
        "textures": {
          "Array.skins": [
            "Texture.npc_1",
            "Texture.npc_2",
            "Texture.npc_3",
            "Texture.npc_4",
            "Texture.npc_5",
            "Texture.npc_6",
            "Texture.npc_7",
            "Texture.npc_8",
            "Texture.npc_9",
            "Texture.npc_10",
            "Texture.npc_scientist_1",
            "Texture.npc_scientist_2",
            "Texture.npc_scientist_3",
            "Texture.npc_scientist_4",
            "Texture.npc_scientist_5",
            "Texture.npc_scientist_6",
            "Texture.npc_scientist_7",
            "Texture.npc_scientist_8",
            "Texture.npc_scientist_9",
            "Texture.npc_scientist_10",
            "Texture.npc_apiary_1",
            "Texture.npc_apiary_2",
            "Texture.npc_apiary_3",
            "Texture.npc_apiary_4",
            "Texture.npc_apiary_5",
            "Texture.npc_teacher_1",
            "Texture.npc_teacher_2",
            "Texture.npc_teacher_3",
            "Texture.npc_teacher_4",
            "Texture.npc_teacher_5",
            "Texture.npc_construction_1",
            "Texture.npc_construction_2",
            "Texture.npc_construction_3",
            "Texture.npc_construction_4",
            "Texture.npc_construction_5",
            "Texture.npc_Agriculture_1",
            "Texture.npc_Agriculture_2",
            "Texture.npc_Agriculture_3",
            "Texture.npc_Agriculture_4",
            "Texture.npc_Agriculture_5",
            "Texture.npc_Agriculture_6",
            "Texture.npc_Agriculture_7",
            "Texture.npc_Agriculture_8",
            "Texture.npc_Agriculture_9",
            "Texture.npc_Agriculture_10",
            "Texture.npc_BusinessMobs_1",
            "Texture.npc_BusinessMobs_2",
            "Texture.npc_BusinessMobs_3",
            "Texture.npc_BusinessMobs_4",
            "Texture.npc_BusinessMobs_5",
            "Texture.npc_EverydayBusiness_1",
            "Texture.npc_EverydayBusiness_2",
            "Texture.npc_EverydayBusiness_3",
            "Texture.npc_EverydayBusiness_4",
            "Texture.npc_EverydayBusiness_5",
            "Texture.npc_Kiosk_1",
            "Texture.npc_Kiosk_2",
            "Texture.npc_Kiosk_3",
            "Texture.npc_Kiosk_4",
            "Texture.npc_Kiosk_5"
          ]
        }
      },
      "geometry": "Geometry.default",
      "part_visibility": [
        {
          "*": false,
          "head": true,
          "hat": true,
          "nose": true,
          "body": true,
          "arms": true,
          "leg0": true,
          "leg1": true,
          "jacket": true
        }
      ],
      "materials": [ { "*": "Material.default" } ],
      "textures": [ "Array.skins[query.variant]" ]
    }
  }
}
